name,address,postcode,latitude,longitude,networks,total_plugs,Plugs_CCS_SAE,Plugs_CHAdeMO,Plugs_Caravan_Mains_Socket,Plugs_J1772,Plugs_Tesla,Plugs_Three_Phase,Plugs_Commando,Plugs_Type2,Plugs_Wall_AU_NZ,Plugs_Other,power_outputs_kw
Mornington Supercharger,"75 Mornington-Tyabb Rd, Mornington VIC 3931, Australia",3931,-38.234305,145.051085,['Supercharger'],6,0,0,0,0,6,0,,0,0,,[250.0]
Sorrento Community Centre,"860 Melbourne Rd, Sorrento VIC 3943, Australia",3943,-38.33856,144.737043,['Evie Networks'],8,4,4,0,0,0,0,,0,0,,[50.065]
CTR Whittlesea,"74A Church St, Whittlesea VIC 3757, Australia",3757,-37.51059,145.118412,['Evie Networks'],4,2,2,0,0,0,0,,0,0,,[50.065]
Rye & Sorrento Camping,"1380 Point Nepean Rd Portsea VIC 3944, Australia",3944,-38.320637,144.718201,['Non-networked'],1,0,0,0,0,0,0,,0,1,,['unknown']
McDonalds Melton South,"179-253 Exford Rd, Weir Views VIC 3338, Australia",3338,-37.722801,144.572251,['Evie Networks'],8,4,4,0,0,0,0,,0,0,,[50.0]
Club Trillium (gym/pool) carpark,"Trillium Boulevard, Mickleham VIC 3064, Australia",3064,-37.565285,144.893834,['Non-networked'],1,0,0,0,1,0,0,,0,0,,['unknown']
Chelsea Swansea Road Car Park,"1 Swansea Rd, Chelsea 3196, Australia",3196,-38.054795,145.115952,['Evie Networks'],8,4,4,0,0,0,0,,0,0,,[50.065]
Ampol Dandenong Stud Road,"Corner Stud And, Heatherton Rd, Dandenong VIC 3175, Australia",3175,-37.97134,145.223814,['Evie Networks'],8,4,4,0,0,0,0,,0,0,,[350.0]
Uni Hill Town Centre,"Shop 17/5 Janefield Dr, Bundoora VIC 3083, Australia",3083,-37.683069,145.071032,['Evie Networks'],8,4,4,0,0,0,0,,0,0,,[50.0]
De Bortoli Wines Dixons Creek,"58 Pinnacle Ln, Dixons Creek VIC 3775, Australia",3775,-37.596809,145.412205,"['Tesla Destination', 'Non-networked']",4,0,0,0,0,2,0,,1,1,,"['unknown', 22.0]"
Bollygum Park,"Bollygum Park, 40 Whittlesea-Kinglake Rd, Kinglake VIC 3763, Australia",3763,-37.529366,145.339116,['Non-networked'],1,0,0,0,0,0,0,,0,1,,['unknown']
Moonee Ponds Supercharger,"665 Mt Alexander Rd, Moonee Ponds VIC 3039, Australia",3039,-37.765834,144.923586,['Supercharger'],6,0,0,0,0,6,0,,0,0,,[120.0]
Sundowner Rockbank Caravan Park,"Rockbank VIC 3335, Australia",3335,-37.730067,144.659873,['Non-networked'],1,0,0,0,0,0,0,,0,1,,['unknown']
Red Rooster Vermont,"401 Canterbury Rd, Vermont 3134, Australia",3134,-37.83192,145.213897,['Evie Networks'],4,2,2,0,0,0,0,,0,0,,[50.065]
Queenscliff Brewhouse,"2 Gellibrand St, Queenscliff, Australia, VIC 3225",3225,-38.265713,144.663211,['Non-networked'],1,0,0,0,0,1,0,,0,0,,[7.0]
Westfield Airport West,"29-35 Louis St, Airport West VIC 3042, Australia",3042,-37.713651,144.885527,['Chargefox'],8,6,2,0,0,0,0,,0,0,,"[50.0, 350.0]"
Shell Taylors Lakes,"Coles Express 410 Melton Highway, Taylors Lakes VIC 3038, Australia",3038,-37.69657,144.78212,['Evie Networks'],8,4,4,0,0,0,0,,0,0,,[350.0]
Tooradin Airfield / Wings & Fins Seafood Restaurant,"3260 S Gippsland Hwy, Tooradin VIC 3980, Australia",3980,-38.214809,145.422459,['Tesla Destination'],1,0,0,0,0,1,0,,0,0,,[5.0]
Woodman Estate,"136 Graydens Road Moorooduc VIC 3933, Australia",3933,-38.282256,145.125377,['EVUp'],2,0,0,0,0,0,0,,2,0,,['unknown']
Middy's Port Melbourne,"2 Thackray Rd, Port Melbourne VIC 3207, Australia",3207,-37.828073,144.925718,['Chargefox'],2,1,1,0,0,0,0,,0,0,,[25.0]
BIG4 Mornington Peninsula Holiday Park,"2 Robinsons Rd, Frankston VIC 3199, Australia",3199,-38.174557,145.141541,['Non-networked'],1,0,0,0,0,0,0,,0,1,,['unknown']
Club Delaray,"20 Alphey Road, Clyde North VIC 3978, Australia",3978,-38.110037,145.336394,['EVUp'],1,0,0,0,0,0,0,,1,0,,['unknown']
Wanzl / Rectifier Technologies,"97 Highbury Rd, Burwood VIC 3125, Australia",3125,-37.85402,145.104433,['Chargefox'],1,1,0,0,0,0,0,,0,0,,['unknown']
Camberwell Supercharger,"793 Burke Road , Camberwell, VIC, Australia, 3124",3124,-37.828606,145.05643,['Supercharger'],6,0,0,0,0,6,0,,0,0,,[120.0]
Melbourne Richmond Supercharger,"650 Church St, Cremorne VIC 3121, Australia",3121,-37.831997,144.995807,['Supercharger'],4,0,0,0,0,4,0,,0,0,,[120.0]
BP Northpoint,"1 Scanlon Drive, Epping VIC 3076, Australia",3076,-37.648097,144.994195,['Evie Networks'],8,4,4,0,0,0,0,,0,0,,[350.0]
Stockland Point Cook,"Main St & Murnong St, Point Cook VIC 3030, Australia",3030,-37.884254,144.736465,['ChargePoint'],1,0,0,0,1,0,0,,0,0,,['unknown']
Stony point caravan park,"5 Stony Point Road, Crib Point VIC 3919, Australia",3919,-38.374257,145.221478,['Non-networked'],4,0,0,0,0,0,0,,0,4,,['unknown']
Belgrave Heights Convention Centre,"23 Lockwood Rd, Belgrave Heights VIC 3160, Australia",3160,-37.923605,145.348486,['Non-networked'],1,0,0,0,0,0,0,,0,1,,['unknown']
Corsair Solutions,"370 Darebin Rd, Alphington VIC 3078, Australia",3078,-37.767107,145.03066,['Chargefox'],2,2,0,0,0,0,0,,0,0,,[80.0]
Monash University Caulfield Car Park,"880 Princes Hwy Service Rd, Caulfield East VIC 3145, Australia",3145,-37.876073,145.043688,"['Chargefox', 'Non-networked']",3,1,1,0,0,0,0,,0,1,,"[50.0, 'unknown']"
Stud Park Shopping Centre,"Corner Stud & Fullham Rd, Rowville 3178, Australia",3178,-37.9214,145.237553,['Evie Networks'],8,4,4,0,0,0,0,,0,0,,[50.065]
Swinburne University - TC Building,"20 William St, Hawthorn VIC 3122, Australia",3122,-37.820819,145.039887,['ChargePoint'],2,1,1,0,0,0,0,,0,0,,[50.0]
Paradigm Hill Winery,"26 Merricks Road Merricks VIC 3916, Australia",3916,-38.385929,145.071771,['Tesla Destination'],1,0,0,0,0,1,0,,0,0,,[22.0]
Greenvale Woolworths,"200 James Mirams Dr, Roxburgh Park VIC 3064, Australia",3064,-37.616294,144.914873,['Non-networked'],1,0,0,0,0,0,0,,1,0,,['unknown']
King Henry Arts Cafe,"320 Mount Dandenong Tourist Rd Sassafras VIC 3787, Australia",3787,-37.868948,145.351181,['Non-networked'],1,0,0,0,0,0,0,,0,1,,['unknown']
Brunswick EV Hub,"15 Edward St, Brunswick VIC 3056, Australia",3056,-37.773851,144.961886,['Chargefox'],6,2,2,0,0,0,0,,2,0,,"[50.0, 'unknown']"
Huberts Estate,"10 St Huberts Rd, Coldstream VIC 3770, Australia",3770,-37.697017,145.415698,['Non-networked'],1,0,0,0,0,0,0,,1,0,,['unknown']
Botanic Ridge Village,"10 Hummingbird Dr, Botanic Ridge VIC 3977, Australia",3977,-38.150115,145.290458,['Non-networked'],2,0,0,0,0,0,0,,2,0,,['unknown']
EVolution HQ,"Unit 32, 231 Osborne Avenue, Clayton South VIC 3169, Australia",3169,-37.942988,145.11844,['EVUp'],4,1,1,0,0,0,0,,2,0,,"[20.0, 22.0]"
dingley reserve ,"Dingley Reserve, Dingley Village VIC 3172, Australia",3172,-37.984056,145.137319,['Non-networked'],1,0,0,0,0,0,0,,0,1,,['unknown']
Woolworths Heidelberg,"451 Lower Heidelberg Rd, Heidelberg VIC 3084, Australia",3084,-37.758997,145.068632,['Chargefox'],16,0,0,0,0,0,0,,16,0,,['unknown']
Bayside City Council,"76 Royal Ave, Sandringham VIC 3191, Australia",3191,-37.959394,145.017704,['Chargefox'],2,1,1,0,0,0,0,,0,0,,[50.0]
Cranbourne Home (Out Of Service),"2 Lesdon Ave, Cranbourne VIC 3977, Australia",3977,-38.087041,145.279599,['EVUp'],2,0,0,0,0,0,0,,2,0,,[22.0]
Porsche Centre Brighton,"855 Nepean Hwy, Bentleigh VIC 3204, Australia",3204,-37.925691,145.027893,['Non-networked'],1,0,1,0,0,0,0,,0,0,,['unknown']
Knox Civic Centre,"511 Burwood Hwy, Wantirna South VIC 3152, Australia",3152,-37.871723,145.245056,['Chargefox'],2,0,0,0,0,0,0,,2,0,,['unknown']
Eltham Leisure Centre,"40 Brougham St, Eltham VIC 3095, Australia",3095,-37.722925,145.142426,['Chargefox'],4,0,0,0,0,0,0,,4,0,,[7.0]
Altona Gate Shopping Centre,"124-134 Millers Rd, Altona North VIC 3025, Australia",3025,-37.827587,144.848241,['Non-networked'],1,0,0,0,0,0,0,,0,1,,['unknown']
Berwick Nissan,"6-10 Kangan Dr, Berwick VIC 3806",3806,-38.040047,145.343384,['Non-networked'],1,0,0,0,0,0,0,,1,0,,['unknown']
Ten Minutes by Tractor,"1333 Mornington-Flinders Rd, Main Ridge VIC 3928, Australia",3928,-38.394641,144.994231,['Tesla Destination'],2,0,0,0,0,2,0,,0,0,,[22.0]
Eldridge Estate Winery,"120 Arthurs Seat Road, Red Hill VIC 3937, Australia",3937,-38.372182,145.018678,"['Tesla Destination', 'EVUp']",2,0,0,0,0,1,0,,1,0,,"['unknown', 22.0]"
Lakeside Villas at Crittenden Estate,"25 Harrisons Rd, Dromana VIC 3936, Australia",3936,-38.335276,145.018981,['Non-networked'],2,0,0,0,0,0,0,,2,0,,['unknown']
Armstrong Creek East Community Hub,"46-70 Central Boulevard, Armstrong Creek VIC 3217, Australia",3217,-38.231922,144.368965,['Chargefox'],6,0,0,0,0,0,0,,6,0,,['unknown']
Coles - Cobblebank Village,"211 Ferris Rd, Melton South VIC 3338, Australia",3338,-37.713815,144.601847,['Non-networked'],2,0,0,0,0,0,0,,2,0,,['unknown']
Sorrento Hotel,"1 Esplanade, Sorrento VIC 3943, Australia",3943,-38.338316,144.743447,['Non-networked'],1,0,0,0,0,0,0,,0,1,,['unknown']
Nelson Place Parking/Charging,"Commonwealth Reserve, Williamstown VIC 3016, Australia",3016,-37.863107,144.904614,['Chargefox'],2,0,0,0,0,0,0,,2,0,,['unknown']
Atura Hotel Dandenong,"5-17 Doveton Avenue, Eumemmerring, Victoria, Australia, VIC 3177",3177,-38.002297,145.250432,['Tesla Destination'],1,0,0,0,0,1,0,,0,0,,[22.0]
Common Ground Project,"675 Anglesea Rd, Freshwater Creek VIC 3217, Australia",3217,-38.259646,144.276227,['Tesla Destination'],2,0,0,0,0,2,0,,0,0,,[22.0]
Melbourne Airport - Qantas Valet Parking,"15-25 Francis Briggs Road, Tullamarine, , Australia, VIC 3045",3045,-37.669133,144.851581,['Tesla Destination'],2,0,0,0,0,2,0,,0,0,,[22.0]
Cobblebank Stadium,"Astley Dr, Bridge Rd, Strathtulloh VIC 3338, Australia",3338,-37.716016,144.599558,['Chargefox'],2,1,1,0,0,0,0,,0,0,,['unknown']
Laverton Community Hub,"Cohealth Clinic, Laverton Community Hub Corner Donald St &, Railway Ave, Laverton VIC 3028, Australia",3028,-37.865302,144.76925,['Chargefox'],2,0,0,0,0,0,0,,2,0,,['unknown']
Ampol Foodary Altona North (Coming Soon),"1 Horsburgh Drive, Altona North, VIC, 3025, Australia",3025,-37.84667,144.809201,['AMPCharge'],4,2,2,0,0,0,0,,0,0,,[150.0]
Hobsons Bay Civic Centre,"115 Civic Parade, Altona VIC 3018, Australia",3018,-37.863399,144.831492,['Chargefox'],2,1,1,0,0,0,0,,0,0,,[50.0]
Brimbank Shopping Centre,"Brimbank Central Shopping Centre shop 81t, 28-72 Neale Rd, Deer Park VIC 3023, Australia",3023,-37.751827,144.775257,['Chargefox'],2,0,0,0,0,0,0,,2,0,,['unknown']
Cranbourne West Community Hub (Coming Soon),"75 Evans Rd, Cranbourne West VIC 3977, Australia",3977,-38.106929,145.250522,['Chargefox'],2,0,0,0,0,0,0,,2,0,,['unknown']
Monash University Clayton - Car Park N1,"10 Research Way, Clayton VIC 3168, Australia",3177,-37.908137,145.131936,['Chargefox'],4,1,1,0,0,0,0,,2,0,,"[50.0, 22.0]"
Oak Park Sports & Aquatic Centre,"Oak Park Reserve, 563 Pascoe Vale Rd, Oak Park VIC 3046, Australia",3046,-37.723715,144.920974,['Chargefox'],3,0,0,0,1,0,0,,2,0,,['unknown']
Baptcare Strathalan,"2-34 Erskine Rd, Macleod VIC 3085, Australia",3085,-37.728819,145.077998,['Non-networked'],2,0,0,0,0,0,0,,2,0,,['unknown']
Leopold Library,"31 Kensington Rd, Leopold VIC 3224",3224,-38.186249,144.46436,['Chargefox'],1,0,0,0,0,0,0,,1,0,,['unknown']
Coburg Town Hall / Moreland City,"90 Bell St, Coburg VIC 3058, Australia",3058,-37.74111,144.970149,['Chargefox'],3,1,1,0,0,0,0,,1,0,,"[50.0, 'unknown']"
Amberlee Holiday Homes & Accommodation,"306 Jetty Rd, Rosebud VIC 3939, Australia",3939,-38.380923,144.912544,"['Tesla Destination', 'EVUp']",3,0,0,0,0,2,0,,1,0,,"['unknown', 22.0]"
RACV Solar,"Units 5 & 6, 8 Lewalan St, Grovedale VIC 3216, Australia",3216,-38.197552,144.344603,['Chargefox'],1,0,0,0,0,0,0,,1,0,,[22.0]
Solargain Hastings,"2161 Frankston - Flinders Rd, Hastings VIC 3915, Australia",3915,-38.314125,145.184157,['Non-networked'],2,0,0,0,0,0,0,,2,0,,['unknown']
Burwood Brickworks,"70 Middleborough Road, Burwood East VIC 3151, Australia",3151,-37.848953,145.133898,['Chargefox'],4,0,0,0,0,0,0,,4,0,,['unknown']
Hungry Jack Sunbury,"27 Gap Rd, Sunbury VIC 3429, Australia",3429,-37.580985,144.724278,['Non-networked'],2,0,0,0,0,0,0,,2,0,,['unknown']
AAkonsult,"2/209 Hyde St, Yarraville VIC 3013",3013,-37.818982,144.896722,['Non-networked'],1,0,0,0,0,1,0,,0,0,,['unknown']
Hyatt Place Caribbean Park (Coming Soon),"38 Dalmore Dr, Scoresby VIC 3179, Australia",3179,-37.915767,145.216905,['Chargebay'],3,1,0,0,0,0,0,,2,0,,['unknown']
Tarneit Park Hub (BYO Type 2),"83 Leakes Rd, Tarneit VIC 3029, Australia",3029,-37.833989,144.69899,['Non-networked'],1,0,0,0,0,0,0,,1,0,,['unknown']
Malvern Central (Coming Soon),"K10, Malvern Central Shopping Centre, 110-122 Wattletree Rd, Armadale VIC 3143, Australia",3143,-37.862909,145.027303,['Non-networked'],1,1,0,0,0,0,0,,0,0,,['unknown']
BM Autowerks,"28-34 Westminster Street, Oakleigh 3166, Australia",3166,-37.90326,145.095351,['EVUp'],1,0,0,0,1,0,0,,0,0,,[7.6]
Ramada Resort by Wyndham Phillip Island,"2128 Phillip Island Road, Cowes, VIC, Australia, VIC 3922",3922,-38.471698,145.242237,['Tesla Destination'],2,0,0,0,0,2,0,,0,0,,[5.0]
Cowes Transit Centre,"83 Thompson Ave, Cowes VIC 3922, Australia",3922,-38.451339,145.240243,"['Tesla Destination', 'EVUp']",4,0,0,0,1,2,0,,1,0,,"['unknown', 7.0]"
Harrow Street Car Park,"3 John St, Box Hill VIC 3128, Australia",3128,-37.821964,145.124448,['Chargefox'],5,0,0,0,0,0,0,,5,0,,['unknown']
RACV Head Office (Service Centre Car Park),"Browns Road, Noble Park North 3174, Australia",3174,-37.952893,145.180067,['Chargefox'],2,0,0,0,0,0,0,,2,0,,['unknown']
Hart's Farm,"Gate 2, 300 Tucks Rd, Shoreham, VIC, Australia, VIC 3916",3916,-38.4092,145.0067,['Tesla Destination'],1,0,0,0,0,1,0,,0,0,,[2.0]
Darebin Civic Centre Precinct,"274 Gower Street, Preston VIC 3072, Australia",3072,-37.740102,145.005114,['Chargefox'],2,0,0,0,0,0,0,,2,0,,['unknown']
Nepean Country Club And & Day Spa,"205 Browns Rd, Boneo VIC 3939, Australia",3939,-38.398895,144.870509,['Non-networked'],3,0,0,0,1,0,1,,0,1,,['unknown']
Oakleigh South,"23-25 Bunney Road, Oakleigh South VIC 3167, Australia",3167,-37.932688,145.097119,['EVUp'],1,0,0,0,0,0,0,,1,0,,[7.0]
Quest Burwood East,"317 Burwood Hwy, Burwood East VIC 3151, Australia",3151,-37.853643,145.162436,['Non-networked'],1,0,0,0,0,0,0,,0,1,,['unknown']
Forest Hill Chase Shopping Centre,"270 Canterbury Rd, Forest Hill VIC 3131, Australia",3131,-37.835382,145.163537,['Chargefox'],2,0,0,0,0,0,0,,2,0,,['unknown']
CB Smith Reserve,99 Jukes Road Fawkner VIC 3060 AU,3060,-37.702614,144.969502,['Chargefox'],2,1,1,0,0,0,0,,0,0,,[25.0]
Coburg North EV Fast Charge (Currently Out of Order),"11 Boundary Rd, Coburg North VIC 3058, Australia",3058,-37.718952,144.961498,['Chargefox'],2,1,1,0,0,0,0,,0,0,,[50.0]
Energy Smart Water,"11 Dalkeith Drive, Dromana VIC 3936, Australia",3936,-38.334999,144.98653,['EVUp'],1,0,0,0,1,0,0,,0,0,,['unknown']
hacyclon caravan park ,"106 Marine Drive, Safety Beach VIC 3936, Australia",3936,-38.317144,144.988947,['Non-networked'],1,0,0,0,0,0,0,,0,1,,['unknown']
The Glen,"235 Springvale Road, Glen Waverley VIC 3150, Australia",3150,-37.875269,145.16523,['Non-networked'],2,0,0,0,0,0,0,,2,0,,['unknown']
Donato Cafe,"88 Craigie Rd, Mount Martha VIC 3934, Australia",3934,-38.256559,145.037439,['Tesla Destination'],2,0,0,0,0,2,0,,0,0,,[5.0]
Bru4U Geelong,"4/100 Barwon Terrace, South Geelong VIC 3220, Australia",3220,-38.172122,144.367288,['Non-networked'],1,0,0,0,0,0,0,,1,0,,['unknown']
Park Rises Residences,"72 Altona Street, Kensington VIC 3031",3031,-37.797009,144.926387,['Non-networked'],2,0,0,0,0,0,0,,2,0,,['unknown']
Paint Spot Niddrie,"1 Elstone Ct, Niddrie VIC 3042, Australia",3042,-37.735219,144.887807,['Non-networked'],1,0,0,0,0,0,1,,0,0,,['unknown']
(No Longer In Use) DHL Melbourne Gateway,"4 mace Wy, Melbourne Airport VIC 3045, Australia",3045,-37.684086,144.863519,['Non-networked'],1,0,0,0,0,0,0,,1,0,,['unknown']
Bayside Entertainment Centre,"28 Beach St, Frankston VIC 3199, Australia",3199,-38.140408,145.125184,['Non-networked'],2,0,0,0,0,0,0,,2,0,,[7.0]
Diamond Valley Sports and Fitness Centre,"44 Civic Dr, Greensborough VIC 3088, Australia",3088,-37.689194,145.110764,['Non-networked'],2,0,0,0,0,0,0,,2,0,,['unknown']
Waverley Nissan,"565-577 Springvale Rd, Mulgrave VIC 3170, Australia",3170,-37.906157,145.159718,['Chargefox'],2,0,0,0,0,0,0,,2,0,,['unknown']
Grow Energy,"325A Bay Road, Cheltenham VIC 3192",3192,-37.955662,145.038605,['Non-networked'],4,0,0,0,0,0,0,,4,0,,['unknown']
Myuna Farm,"182 Kidds Rd, Doveton VIC 3177, Australia",3177,-37.985484,145.232704,['Non-networked'],2,0,0,0,0,0,0,,2,0,,['unknown']
Lockelec Rolling Stock,"14 Capital Ct, Braeside VIC 3195, Australia",3195,-37.995328,145.109648,['Non-networked'],1,0,0,0,0,1,0,,0,0,,['unknown']
Kelly Racing,"45 Canterbury Rd Braeside VIC 3195, Australia",3195,-38.010174,145.110226,['ChargePoint'],1,0,0,0,1,0,0,,0,0,,['unknown']
"Footscray town hall, Maribyrnong city council","61 Napier St, Footscray VIC 3011, Australia",3011,-37.804868,144.900362,['Non-networked'],2,0,0,0,0,0,0,,2,0,,['unknown']
Ivanhoe Gardens (Coming Soon),"45 Linden Ave, Ivanhoe VIC 3079, Australia, Ivanhoe 3079",3079,-37.754954,145.054043,['Exploren'],3,0,0,0,0,0,0,,3,0,,[22.0]
Manor Lakes Central Shopping Centre,"455 Ballan Rd, Manor Lakes VIC 3024, Australia",3024,-37.875049,144.612648,['Non-networked'],2,0,0,0,0,0,0,,2,0,,['unknown']
Wunggurrwil Dhurrung Centre,"Wunggurrwil Dhurrung Centre 19 Communal Road, Wyndham Vale VIC 3024, Australia",3024,-37.876378,144.62706,['Chargefox'],1,0,0,0,0,0,0,,1,0,,['unknown']
Pacific Werribee Shopping Centre,"Derrimut Rd & Heaths Rd, Werribee, VIC, Australia, VIC 3030",3030,-37.875247,144.679638,['Tesla Destination'],2,0,0,0,0,2,0,,0,0,,[22.0]
The Pines Shopping Centre,"181 Reynolds Rd, Doncaster East VIC 3109, Australia",3190,-37.762252,145.16823,"['ChargePoint', 'Tesla Destination']",4,0,0,0,2,2,0,,0,0,,"[6.6, 22.0]"
Dandenong Agricultural and Pastoral Society,"Dandenong 3175, Australia",3175,-37.983731,145.196402,['Non-networked'],1,0,0,0,0,0,0,,0,1,,['unknown']
Rosebud Beach,"980 Point Nepean Road, Rosebud VIC 3939, Australia",3939,-38.355584,144.901769,['Non-networked'],3,0,0,0,0,0,0,,0,3,,['unknown']
Moonah Links,"65 Peter Thomson Dr, Fingal VIC 3939, Australia",3939,-38.406624,144.853314,['Non-networked'],1,0,0,0,0,0,0,,0,1,,['unknown']
Croydon Train Station Multi Level Car Park,"Devon Street, Croydon, Victoria",3136,-37.796959,145.280091,['Non-networked'],6,0,0,0,0,0,0,,6,0,,[7.0]
Highpoint Shopping Centre - Basement Carpark,"Rosamond Road, Maribyrnong VIC 3032, Australia",3032,-37.772002,144.887869,['Non-networked'],1,0,0,0,0,0,0,,0,1,,['unknown']
Vaclift,"39 Tullamarine Park Road, Tullamarine VIC 3043, Australia",3043,-37.709632,144.871383,['Non-networked'],1,0,0,0,0,1,0,,0,0,,['unknown']
RACV Cape Schanck Resort,"6 Presnell Ct, Cape Schanck VIC 3939, Australia",3939,-38.461847,144.893721,"['Tesla Destination', 'Non-networked']",7,0,0,0,0,2,0,,4,1,,"[4.0, 'unknown']"
Schnapper Point Dr Parking/Charging,"Schnapper Point Dr, Mornington VIC 3931, Australia",3931,-38.215455,145.035453,['Non-networked'],1,0,0,0,0,0,1,,0,0,,['unknown']
Priority One Trade Services,"65 Watt Road, Mornington 3931, Australia",3931,-38.231677,145.056367,['Non-networked'],1,0,0,0,0,0,0,,1,0,,[22.0]
Peninsula Home Shopping Centre,"1130-1134 Nepean Highway, Mornington VIC 3931, Australia",3931,-38.220693,145.061207,['EVUp'],4,0,0,0,0,0,0,,4,0,,[22.0]
Dandenong Market - Southern Car Park (Coming Soon),"40 Cleeland St, Dandenong VIC 3175, Australia",3175,-37.984494,145.216329,['Non-networked'],1,0,0,0,1,0,0,,0,0,,['unknown']
Ventia Head Office Carpark,"20 Corporate Drive, Heatherton 3202, Australia",3202,-37.950648,145.080488,['ChargePoint'],2,0,0,0,2,0,0,,0,0,,[6.6]
North Drive Office Complex,"236 E Boundary Rd, Bentleigh East VIC 3165, Australia",3165,-37.909599,145.062347,['ChargePoint'],1,0,0,0,1,0,0,,0,0,,['unknown']
Hume Villa Motor Inn,"1324 Sydney Rd, Fawkner VIC 3060, Australia",3060,-37.696652,144.959707,['Non-networked'],1,0,0,0,0,0,0,,0,1,,['unknown']
Foreshore Camping,"1380 Point Nepean Rd, Rosebud VIC 3939, Australia",3939,-38.359707,144.888748,['Non-networked'],1,0,0,0,0,0,0,,0,1,,['unknown']
Dromana Drive-in,"133 Nepean Hwy, Dromana VIC 3936, Australia",3936,-38.329727,144.996685,['EVUp'],6,0,0,0,0,0,0,,6,0,,['unknown']
Springvale Library,"9 Hillcrest Grove, Springvale VIC 3171, Australia",3171,-37.957007,145.153146,['Non-networked'],2,0,0,0,0,0,0,,2,0,,['unknown']
Waverley Gardens Shopping Centre,"271 Police Rd, Mulgrave VIC 3170, Australia",3170,-37.935556,145.189902,['Chargefox'],2,0,0,0,0,0,0,,2,0,,['unknown']
Element Melbourne Richmond,"588 Swan St, Richmond VIC 3121, Australia",3121,-37.826921,145.020707,['EVUp'],4,0,0,0,0,0,0,,4,0,,[22.0]
Springvale MEGA Centre,"754-769 Princes Hwy, Springvale VIC 3171, Australia",3171,-37.94168,145.167746,['Non-networked'],2,0,0,0,0,0,0,,2,0,,['unknown']
Sandown Raceway Carpark,"37 Davis Way, Springvale VIC 3171, Australia",3171,-37.950836,145.162663,['Non-networked'],3,0,0,0,0,0,3,,0,0,,[8.0]
Pullman Melbourne Albert Park,"67 Queens Rd, Melbourne VIC 3004, Australia",3004,-37.849977,144.97831,['Tesla Destination'],3,0,0,0,0,3,0,,0,0,,"[11.0, 22.0]"
BMW South Yarra,"145 Williams Rd, Prahran VIC 3181, Australia",3181,-37.849295,145.00279,"['ChargePoint', 'Non-networked']",4,0,0,0,0,0,0,,2,2,,['unknown']
Barwon Valley Lodge,"99 Barrabool Rd, Belmont VIC 3216, Australia",3216,-38.166789,144.341445,['Tesla Destination'],2,0,0,0,0,2,0,,0,0,,[22.0]
Northern Motor Group - Pre Delivery Dept,"55 Clements Avenue, Bundoora 3083, Australia",3083,-37.704572,145.072077,['Non-networked'],1,0,0,0,1,0,0,,0,0,,['unknown']
Club Armstrong,"101 Unity Drive, Mount Duneed VIC 3217, Australia",3217,-38.225341,144.328361,['ChargePoint'],2,0,0,0,2,0,0,,0,0,,['unknown']
Middy's Lilydale,"34 Melba Ave, Lilydale VIC 3140, Australia",3140,-37.761942,145.346082,['Non-networked'],1,0,0,0,0,0,0,,1,0,,['unknown']
Mantra Epping,"250 Cooper St, Epping VIC 3076, Australia",3076,-37.649756,145.008102,"['Tesla Destination', 'Non-networked']",4,0,0,0,0,2,0,,2,0,,"[5.0, 'unknown']"
Glenroy Community Hub,"50 Wheatsheaf Rd, Glenroy 3046, Australia",3046,-37.708497,144.924037,['Non-networked'],1,0,0,0,0,0,0,,1,0,,[11.0]
Glen Eira City Council,"256 Hawthorn Road, Caulfield VIC 3162, Australia",3162,-37.880835,145.022852,['Chargefox'],4,0,0,0,0,0,0,,4,0,,['unknown']
Yarra Valley Nissan,"460-462 Maroondah Highway, Lilydale VIC 3140, Australia",3140,-37.754859,145.363238,['Chargefox'],2,0,0,0,0,0,0,,2,0,,['unknown']
Secure Parking,"15-29 Bank Street, South Melbourne VIC 3205, Australia",3205,-37.832108,144.969126,['Non-networked'],21,0,0,0,0,0,0,,0,21,,['unknown']
Good Guys,"1 Gertrude St, Frankston VIC 3199, Australia",3199,-38.148237,145.138689,['Non-networked'],1,0,0,0,0,0,0,,0,1,,['unknown']
Richmond Traders Coles,"46 Cameron St, Richmond VIC 3121, Australia",3121,-37.817041,144.998664,['Non-networked'],2,0,0,0,0,0,0,,2,0,,['unknown']
Just Honk Used Cars,"4-6 Fitzgerald Rd, Laverton North VIC 3026, Australia",3026,-37.843884,144.782596,['Exploren'],1,0,0,0,0,0,0,,1,0,,['unknown']
Hebco Industrial,"19-25 Trade Place Vermont VIC 3133, Australia",3133,-37.833743,145.18642,['Non-networked'],1,0,0,0,0,1,0,,0,0,,['unknown']
West Oval,"Weddell Rd, North Geelong VIC 3215, Australia",3215,-38.129308,144.345207,['Non-networked'],2,0,0,0,0,0,0,,2,0,,[22.0]
Quest Mont Albert,"741-745 Whitehorse Road, Mont Albert VIC 3127, Australia",3127,-37.815833,145.10738,['Non-networked'],3,0,0,0,0,0,0,,0,3,,['unknown']
Community Bank Stadium,"129-163 Main Hurstbridge Rd, Diamond Creek VIC 3089, Australia",3089,-37.673703,145.166098,['Chargefox'],1,0,0,0,0,0,0,,1,0,,['unknown']
Collingwood Library,"13 Stanton St, Abbotsford VIC 3067, Australia",3067,-37.804471,144.99327,['Evie Networks'],8,4,4,0,0,0,0,,0,0,,[50.065]
Holmesglen Private Hospital,"490 South Rd, Moorabbin VIC 3189, Australia",3189,-37.93704,145.050288,['Non-networked'],4,0,0,0,0,0,0,,4,0,,['unknown']
Coles South Melbourne,"229 Coventry St, South Melbourne VIC 3205, Australia",3205,-37.832375,144.960369,['Non-networked'],1,0,0,0,0,0,0,,0,1,,['unknown']
IKEA Richmond,"630 Victoria St, Richmond VIC 3121, Australia",3121,-37.812895,145.010271,['Non-networked'],4,0,0,0,0,0,0,,4,0,,['unknown']
Prahran Square,"Prahran Square, 30-40 Izett Street, Prahran VIC 3181, Australia",3181,-37.847695,144.99266,"['Chargefox', 'Non-networked']",12,0,0,0,0,0,0,,2,10,,['unknown']
Ivanhoe Library,"233 Upper Heidelberg Road, Ivanhoe VIC 3079, Australia",3079,-37.766356,145.044964,['EVUp'],2,0,0,0,0,0,0,,2,0,,['unknown']
Coles Lilydale,"51-59 Anderson St, Lilydale VIC 3140, Australia",3140,-37.756189,145.354065,['Non-networked'],3,0,0,0,0,0,0,,0,3,,['unknown']
Springvale Homemaker Centre,"Springvale Homemaker Centre, 917 Princes Highway, Springvale VIC 3171, Australia",3171,-37.927929,145.143552,"['Tesla Destination', 'Non-networked']",10,0,0,0,0,3,0,,7,0,,"['unknown', 22.0]"
Clayton M City,"2145 Dandenong Road, Clayton VIC 3168, Australia",3168,-37.922053,145.140054,['Non-networked'],1,0,0,0,0,0,0,,1,0,,['unknown']
Watergardens Shopping Centre,"399 Melton Highway, Taylors Lakes VIC 3038",3038,-37.699043,144.775876,['Tesla Destination'],3,0,0,0,0,3,0,,0,0,,[22.0]
Pullman Melbourne on the Park,"192 Wellington Parade, Melbourne VIC 3002",3002,-37.815994,144.983228,['Non-networked'],2,0,0,0,0,2,0,,0,0,,['unknown']
Woolworths Fishermans Bend,"525 Graham St, Port Melbourne VIC 3207, Australia",3207,-37.830671,144.931658,['Non-networked'],2,0,0,0,0,0,0,,2,0,,['unknown']
Cunningham Pier,"10 Western Foreshore Rd, Geelong VIC 3220, Australia",3220,-38.143296,144.361213,['Chargefox'],4,0,0,0,0,0,0,,4,0,,['unknown']
Monash University Clayton - Car Park S2,"20 Ancora Imparo Way, Clayton VIC 3800, Australia",3800,-37.914282,145.1338,"['Chargefox', 'Non-networked']",3,0,0,0,0,0,0,,2,1,,['unknown']
Pacific Epping Shopping Centre,"583 High St, Epping VIC 3076, Australia",3076,-37.653416,145.016892,['Tesla Destination'],2,0,0,0,0,2,0,,0,0,,[22.0]
Eastland Shopping Centre,"175 Maroondah Hwy, Ringwood VIC 3134, Australia",3134,-37.81425,145.229003,['Tesla Destination'],4,0,0,0,0,4,0,,0,0,,"[11.0, 15.0]"
Red Rock (Coming Soon),"4 Lynton Ct, Cowes VIC 3922, Australia",3922,-38.453893,145.199794,['Non-networked'],1,0,0,0,0,0,0,,0,1,,['unknown']
The Arts Centre,2 Kavanagh St Southbank VIC 3006 Australia,3006,-37.822715,144.96767,['Non-networked'],2,0,0,0,2,0,0,,0,0,,['unknown']
Melbourne Museum,"11 Nicholson St, Carlton VIC 3053, Australia",3053,-37.804609,144.972702,['Non-networked'],2,0,0,0,2,0,0,,0,0,,['unknown']
Wilson Carpark,"1-3 Queens Road, Melbourne VIC 3004, Australia",3004,-37.835734,144.973525,['Non-networked'],1,0,0,0,0,0,0,,0,1,,['unknown']
Flagstaff City Inn,"45 Dudley St, West Melbourne VIC 3003, Australia",3003,-37.810116,144.951048,['Non-networked'],1,0,0,0,0,0,0,,0,1,,['unknown']
Morris Moor (Coming Soon),"282/284 Chesterville Rd, Moorabbin VIC 3189, Australia",3189,-37.941172,145.061402,['Chargebay'],6,0,0,0,0,0,0,,6,0,,['unknown']
The Prince Hotel,"2 Acland St, St Kilda VIC 3182, Australia",3182,-37.862284,144.973965,"['Tesla Destination', 'Non-networked']",4,0,0,0,0,2,0,,2,0,,"['unknown', 22.0]"
Stokehouse St Kilda,"30 Jacka Blvd, St Kilda VIC 3182, Australia",3182,-37.86758,144.974352,['Non-networked'],1,0,0,0,0,0,0,,1,0,,['unknown']
Hotel 115 Guest Carpark,"115 Cotham Rd, Kew VIC 3101, Australia",3101,-37.807448,145.039021,['Non-networked'],1,0,0,0,0,0,0,,0,1,,['unknown']
Clubs Assist,"237 243 Frankston Dandenong Rd, Dandenong South, VIC, 3175",3175,-38.022421,145.213927,['Non-networked'],1,0,0,0,1,0,0,,0,0,,['unknown']
Lygon Street Car park,204-218 Lygon St Carlton Victoria 3053 Australia,3053,-37.802158,144.96708,['Exploren'],1,0,0,0,0,0,0,,1,0,,['unknown']
Melbourne Convention Exhibition Centre,"16 Normanby Road, South Wharf VIC 3006, Australia",3006,-37.82613,144.953107,['Non-networked'],3,0,0,0,0,0,0,,0,3,,['unknown']
Crown Metropol Melbourne,"8 Whiteman Street, Southbank, Victoria, Australia, VIC 3006",3006,-37.825511,144.957692,['Tesla Destination'],1,0,0,0,0,1,0,,0,0,,[22.0]
Melbourne Central Carpark,"300 Lonsdale St, Melbourne VIC 3000, Australia",3000,-37.811734,144.963518,['Non-networked'],1,0,0,0,0,0,0,,0,1,,['unknown']
Westfield Doncaster,"619 Doncaster Rd, Doncaster VIC 3108, Australia",3108,-37.78342,145.126058,"['ChargePoint', 'Tesla Destination']",6,0,0,0,4,2,0,,0,0,,"[6.6, 22.0]"
Bitternfields Shopping Centre,"2432 Frankston - Flinders Rd, Bittern VIC 3918, Australia",3918,-38.336376,145.177183,['Non-networked'],1,0,0,0,0,0,0,,0,1,,['unknown']
Armstrong Creek Town Centre,"540 Torquay Rd, Armstrong Creek VIC 3217, Australia",3217,-38.22808,144.339931,['Non-networked'],2,0,0,0,0,0,0,,2,0,,[7.0]
Secure Parking (300 Flinders St),"300 Flinders St, Melbourne VIC 3000, Australia",3000,-37.818268,144.96402,['Tesla Destination'],2,0,0,0,0,2,0,,0,0,,[3.0]
Dan Murphy's Armstrong Creek,"458 Torquay Road, Armstrong Creek 3217, Australia",3217,-38.225361,144.337345,['Non-networked'],3,0,0,0,0,0,0,,3,0,,['unknown']
South Melbourne Market Rooftop Parking,"322 Coventry St, South Melbourne VIC 3205",3205,-37.83203,144.956791,['Non-networked'],2,0,0,0,0,0,0,,2,0,,['unknown']
Berwick BMW,"6 Coventry Rd, Narre Warren VIC 3805",3805,-38.026209,145.311511,['Non-networked'],2,0,0,0,0,0,0,,2,0,,['unknown']
Park Hyatt Melbourne,"1 Parliament Square Off, Parliament Pl, Melbourne VIC 3002, Australia",3002,-37.811933,144.976125,['Non-networked'],2,0,0,0,0,0,0,,2,0,,['unknown']
Greensborough Plaza,"25 Main St, Greensborough VIC 3088, Australia",3008,-37.702301,145.102344,['Chargefox'],4,0,0,0,0,0,0,,4,0,,['unknown']
WaterMarc Car Park,"1 Flintoff St, Greensborough VIC 3088, Australia",3008,-37.704042,145.10525,['Non-networked'],3,0,0,0,0,0,0,,3,0,,['unknown']
Flagstaff Car Park,"535 Little Lonsdale St, Melbourne VIC 3004, Australia",3004,-37.813111,144.955756,['Tesla Destination'],2,0,0,0,0,2,0,,0,0,,[22.0]
Queen Victoria Market - Underground Carpark,"460 Queen St, Melbourne VIC 3000, Australia",3000,-37.807804,144.958282,['Non-networked'],12,0,0,0,0,0,0,,12,0,,['unknown']
300 Latrobe Street - Wilson Car Park,300 Latrobe Street Melbourne ,3000,-37.810021,144.960653,['Non-networked'],3,0,0,0,0,0,0,,0,3,,['unknown']
Pentridge Shopping Centre,"1 Champ St, Coburg VIC 3058, Australia",3058,-37.736669,144.969336,['Non-networked'],3,0,0,0,0,0,0,,3,0,,['unknown']
Coles Express with co-located Hungry Jacks,"46 Cook St, Port Melbourne VIC 3207, Australia",3207,-37.829682,144.917185,['Non-networked'],1,0,0,0,0,0,0,,0,1,,['unknown']
Westfield Southland,"1239 Nepean Hwy, Cheltenham VIC 3192, Australia",3192,-37.958461,145.053615,['ChargePoint'],4,0,0,0,4,0,0,,0,0,,['unknown']
Westfield Southland - Icon Car Wash,"40 Chesterville Rd, Cheltenham VIC 3192, Australia",3192,-37.959294,145.056598,['Non-networked'],1,0,0,0,0,0,0,,0,1,,['unknown']
Hyatt Centric Melbourne,"25 Downie St, Melbourne VIC 3000, Australia",3000,-37.820407,144.955802,['EVUp'],2,0,0,0,0,0,0,,2,0,,['unknown']
Chadstone Shopping Centre Carpark A,"1341 Dandenong Rd, Chadstone VIC 3148",3148,-37.886337,145.07958,['Non-networked'],5,0,0,0,0,0,0,,5,0,,['unknown']
Jet City Hangar 131,"Essendon Fields VIC 3042, Australia",3042,-37.719978,144.892935,['Tesla Destination'],1,0,0,0,0,1,0,,0,0,,[22.0]
Essendon Nissan,"288 Wirraway Rd, Essendon Fields, VIC, 3041",3041,-37.720262,144.895849,['ChargePoint'],1,0,0,0,1,0,0,,0,0,,['unknown']
Brooklands of Mornington,"99 Tanti Ave, Mornington, VIC, Australia, 3931",3931,-38.221655,145.045807,['Tesla Destination'],2,0,0,0,0,2,0,,0,0,,[22.0]
Flinders Hotel,"23-31 Cook Street, Flinders, Victoria, Australia, VIC 3929",3929,-38.474449,145.019202,['Tesla Destination'],2,0,0,0,0,2,0,,0,0,,[8.0]
Flinders General Store rear car park,"48 Cook Street, Flinders VIC 3929, Australia",3929,-38.473287,145.016892,['Non-networked'],1,0,0,0,0,0,0,,1,0,,['unknown']
Secure Parking - 460 Lonsdale Street Car Park,"460 Lonsdale St, Melbourne VIC 3000, Australia",3000,-37.813049,144.958347,['Non-networked'],1,0,0,0,0,0,0,,0,1,,['unknown']
David Street Car Park,"1 David St, Brunswick, Victoria, Australia, 3056",3056,-37.771404,144.962021,['Chargefox'],2,0,0,0,0,0,0,,2,0,,['unknown']
Stockland Point Cook - Below Woolworths,"1A Main Street, Point Cook VIC 3030, Australia",3030,-37.884233,144.734115,"['ChargePoint', 'Tesla Destination']",2,0,0,0,1,1,0,,0,0,,"['unknown', 22.0]"
Middy's Smart Centre (Behind Mulgrave Branch),"214 Wellington Rd, Clayton VIC 3168, Australia",3168,-37.918327,145.148532,['Non-networked'],1,0,0,0,0,0,0,,1,0,,['unknown']
The Fashion Capital - Tesla,"1341 Dandenong Rd, Malvern East VIC 3145, Australia",3145,-37.884862,145.082357,['Non-networked'],2,0,0,0,0,2,0,,0,0,,['unknown']
Cellarbrations,"185a Rosslyn St, West Melbourne VIC 3003, Australia",3003,-37.809802,144.948932,['Non-networked'],4,0,0,0,0,0,0,,4,0,,['unknown']
District Docklands Shopping - West Carpark,"8-9 Star Circus, Docklands VIC 3008, Australia",3008,-37.812855,144.93695,['Tesla Destination'],1,0,0,0,0,1,0,,0,0,,[22.0]
Wilson Parking,"222 Russell St, Melbourne VIC 3000, Australia",3000,-37.811294,144.967823,['Non-networked'],2,0,0,0,0,0,0,,2,0,,[11.0]
BP Caroline Springs (Coming Soon),"1324-1332 Western Hwy, Caroline Springs VIC 3023, Australia",3023,-37.75577,144.741077,['Non-networked'],1,1,0,0,0,0,0,,0,0,,['unknown']
Alto Hotel,"636 Bourke St, Melbourne VIC 3000, Australia",3000,-37.816254,144.954636,"['Tesla Destination', 'Non-networked']",7,0,0,0,1,3,1,,0,2,,"['unknown', 22.0]"
Queens & Collins,"Level 6/93-95 Queen St, Melbourne VIC 3000, Australia",3000,-37.81594,144.961493,['Non-networked'],4,0,0,0,0,0,0,,4,0,,['unknown']
Wilson Parking,"542 Little Bourke St, Melbourne VIC 3000, Australia",3000,-37.814781,144.956451,['Non-networked'],1,0,0,0,0,0,0,,0,1,,['unknown']
Kinglake Library (rear of the Police Station),"19 Whittlesea-Kinglake Rd, Kinglake VIC 3763, Australia",3763,-37.531509,145.339577,['EVUp'],2,0,0,0,0,0,0,,2,0,,[22.0]
Kinglake Reserve (beside public toilets),"1 Kinglake-Glenburn Rd, Kinglake VIC 3763, Australia",3763,-37.53009,145.340696,['EVUp'],2,0,0,0,0,0,0,,2,0,,[22.0]
Grand Hyatt Melbourne,"123 Collins St, Melbourne VIC 3000, Australia",3000,-37.814844,144.969685,['Tesla Destination'],1,0,0,0,0,1,0,,0,0,,[22.0]
Whittlesea Motel,"36 Walnut St, Whittlesea VIC 3757, Australia",3757,-37.511926,145.119479,['Non-networked'],1,0,0,0,0,0,0,,1,0,,['unknown']
Federation Square Car Park,"Russell St, Melbourne, Victoria, 3000 Australia",3000,-37.817739,144.971282,['Chargefox'],2,0,0,0,0,0,0,,2,0,,['unknown']
ACDC Garage,"114-128 Flinders St, Melbourne VIC 3000, Australia",3000,-37.816185,144.97077,"['Tesla Destination', 'EVUp']",5,0,0,0,0,3,0,,2,0,,"[3.0, 'unknown']"
Secure Parking (Southern Cross),"129 Bourke St, Melbourne VIC 3000, Australia",3000,-37.812452,144.969535,['ChargePoint'],2,0,0,0,2,0,0,,0,0,,['unknown']
Holiday Inn Express Melbourne Little Collins,"589-599 Little Collins St, Melbourne VIC 3000, Australia",3000,-37.817852,144.955291,['Non-networked'],3,0,0,0,0,0,0,,3,0,,['unknown']
Tooronga Village,"766 Toorak Rd, Glen Iris VIC 3146",3146,-37.845907,145.046669,['Tesla Destination'],2,0,0,0,0,2,0,,0,0,,[22.0]
Victoria Gardens Shopping Centre,"Unit 41 B/620 Victoria St, Richmond VIC 3121, Australia",3121,-37.812603,145.011729,"['OpenLoop', 'Non-networked']",2,0,0,0,0,0,0,,2,0,,['unknown']
Wilson Parking Eureka,"70 City Rd, Southbank VIC 3006, Australia",3006,-37.821726,144.965184,['Non-networked'],2,0,0,0,0,0,0,,2,0,,[11.0]
Hungry Fox Café,"Essendon Fields Airport, Wirraway Road, Essendon Fields VIC 3041, Australia",3041,-37.719767,144.89451,['Non-networked'],1,0,0,0,0,0,0,,1,0,,['unknown']
QV Melbourne - Car Park,"180 Lonsdale Street, Melbourne VIC 3000, Australia",3000,-37.810679,144.966601,['Non-networked'],3,0,0,0,0,0,0,,0,3,,['unknown']
The Fashion Capital - Parking Block F,"1341 Dandenong Road, Malvern East VIC 3145, Australia",3145,-37.887286,145.0824,['Tesla Destination'],4,0,0,0,0,4,0,,0,0,,[10.0]
Holiday Inn Express Melbourne Southbank,"35-47 City Rd, Southbank VIC 3006, Australia",3006,-37.821895,144.966652,['Non-networked'],9,0,0,0,0,0,0,,9,0,,['unknown']
Secure Parking (450 Flinders Lane),"450 Flinders Ln, Melbourne VIC 3000, Australia",3000,-37.818758,144.958866,['Non-networked'],10,0,0,0,0,0,0,,10,0,,['unknown']
Rialto Car Park,"476 Flinders Ln, Melbourne VIC 3000, Australia",3000,-37.8191,144.957613,['Non-networked'],3,0,0,0,0,0,0,,2,1,,['unknown']
Lorbek Luxury Cars,"327 Plummer St, Port Melbourne VIC 3207, Australia",3207,-37.833209,144.919764,['Everty'],3,0,0,0,0,0,0,,3,0,,[22.0]
Lorbek Luxury Cars,"30 Prohasky St, Port Melbourne VIC 3207, Australia",3207,-37.832093,144.919335,['Non-networked'],7,0,0,0,0,0,0,,7,0,,['unknown']
