address,id,name,latitude,longitude,stations[0].id,stations[0].network_id,stations[0].outlets[0].connector,stations[0].outlets[0].id,stations[0].outlets[0].kilowatts,stations[0].outlets[0].power,stations[0].outlets[0].status,stations[1].id,stations[1].network_id,stations[1].outlets[0].connector,stations[1].outlets[0].id,stations[1].outlets[0].kilowatts,stations[1].outlets[0].power,stations[1].outlets[0].status,stations[2].id,stations[2].network_id,stations[2].outlets[0].connector,stations[2].outlets[0].id,stations[2].outlets[0].kilowatts,stations[2].outlets[0].power,stations[2].outlets[0].status,stations[3].id,stations[3].network_id,stations[3].outlets[0].connector,stations[3].outlets[0].id,stations[3].outlets[0].kilowatts,stations[3].outlets[0].power,stations[3].outlets[0].status,stations[4].id,stations[4].network_id,stations[4].outlets[0].connector,stations[4].outlets[0].id,stations[4].outlets[0].kilowatts,stations[4].outlets[0].power,stations[4].outlets[0].status,stations[5].id,stations[5].network_id,stations[5].outlets[0].connector,stations[5].outlets[0].id,stations[5].outlets[0].kilowatts,stations[5].outlets[0].power,stations[5].outlets[0].status,hours,phone,stations[0].outlets[1].connector,stations[0].outlets[1].id,stations[0].outlets[1].kilowatts,stations[0].outlets[1].power,stations[0].outlets[1].status,stations[1].outlets[1].connector,stations[1].outlets[1].id,stations[1].outlets[1].kilowatts,stations[1].outlets[1].power,stations[1].outlets[1].status,stations[5].outlets[1].connector,stations[5].outlets[1].id,stations[5].outlets[1].kilowatts,stations[5].outlets[1].power,stations[5].outlets[1].status,stations[2].outlets[1].connector,stations[2].outlets[1].id,stations[2].outlets[1].kilowatts,stations[2].outlets[1].power,stations[2].outlets[1].status,stations[3].outlets[1].connector,stations[3].outlets[1].id,stations[3].outlets[1].kilowatts,stations[3].outlets[1].power,stations[3].outlets[1].status,stations[6].id,stations[6].network_id,stations[6].outlets[0].connector,stations[6].outlets[0].id,stations[6].outlets[0].kilowatts,stations[6].outlets[0].power,stations[6].outlets[0].status,stations[4].outlets[1].connector,stations[4].outlets[1].id,stations[4].outlets[1].kilowatts,stations[4].outlets[1].power,stations[4].outlets[1].status,stations[4].outlets[2].connector,stations[4].outlets[2].id,stations[4].outlets[2].kilowatts,stations[4].outlets[2].power,stations[4].outlets[2].status,stations[4].outlets[3].connector,stations[4].outlets[3].id,stations[4].outlets[3].kilowatts,stations[4].outlets[3].power,stations[4].outlets[3].status,stations[0].outlets[2].connector,stations[0].outlets[2].id,stations[0].outlets[2].kilowatts,stations[0].outlets[2].power,stations[0].outlets[2].status,stations[0].outlets[3].connector,stations[0].outlets[3].id,stations[0].outlets[3].kilowatts,stations[0].outlets[3].power,stations[0].outlets[3].status,stations[2].outlets[2].connector,stations[2].outlets[2].id,stations[2].outlets[2].kilowatts,stations[2].outlets[2].power,stations[2].outlets[2].status,stations[2].outlets[3].connector,stations[2].outlets[3].id,stations[2].outlets[3].kilowatts,stations[2].outlets[3].power,stations[2].outlets[3].status,stations[1].outlets[2].connector,stations[1].outlets[2].id,stations[1].outlets[2].kilowatts,stations[1].outlets[2].power,stations[1].outlets[2].status,stations[1].outlets[3].connector,stations[1].outlets[3].id,stations[1].outlets[3].kilowatts,stations[1].outlets[3].power,stations[1].outlets[3].status,stations[6].outlets[1].connector,stations[6].outlets[1].id,stations[6].outlets[1].kilowatts,stations[6].outlets[1].power,stations[6].outlets[1].status,stations[7].id,stations[7].network_id,stations[7].outlets[0].connector,stations[7].outlets[0].id,stations[7].outlets[0].kilowatts,stations[7].outlets[0].power,stations[7].outlets[0].status,stations[7].outlets[1].connector,stations[7].outlets[1].id,stations[7].outlets[1].kilowatts,stations[7].outlets[1].power,stations[7].outlets[1].status,stations[8].id,stations[8].outlets[0].connector,stations[8].outlets[0].id,stations[8].outlets[0].kilowatts,stations[8].outlets[0].power,stations[8].outlets[0].status,stations[9].id,stations[9].outlets[0].connector,stations[9].outlets[0].id,stations[9].outlets[0].kilowatts,stations[9].outlets[0].power,stations[9].outlets[0].status,stations[10].id,stations[10].outlets[0].connector,stations[10].outlets[0].id,stations[10].outlets[0].kilowatts,stations[10].outlets[0].power,stations[10].outlets[0].status,stations[11].id,stations[11].outlets[0].connector,stations[11].outlets[0].id,stations[11].outlets[0].kilowatts,stations[11].outlets[0].power,stations[11].outlets[0].status,stations[12].id,stations[12].outlets[0].connector,stations[12].outlets[0].id,stations[12].outlets[0].kilowatts,stations[12].outlets[0].power,stations[12].outlets[0].status,stations[13].id,stations[13].outlets[0].connector,stations[13].outlets[0].id,stations[13].outlets[0].kilowatts,stations[13].outlets[0].power,stations[13].outlets[0].status,stations[14].id,stations[14].outlets[0].connector,stations[14].outlets[0].id,stations[14].outlets[0].kilowatts,stations[14].outlets[0].power,stations[14].outlets[0].status,stations[15].id,stations[15].outlets[0].connector,stations[15].outlets[0].id,stations[15].outlets[0].kilowatts,stations[15].outlets[0].power,stations[15].outlets[0].status,stations[16].id,stations[16].outlets[0].connector,stations[16].outlets[0].id,stations[16].outlets[0].kilowatts,stations[16].outlets[0].power,stations[16].outlets[0].status,stations[17].id,stations[17].outlets[0].connector,stations[17].outlets[0].id,stations[17].outlets[0].kilowatts,stations[17].outlets[0].power,stations[17].outlets[0].status,stations[18].id,stations[18].outlets[0].connector,stations[18].outlets[0].id,stations[18].outlets[0].kilowatts,stations[18].outlets[0].power,stations[18].outlets[0].status,stations[19].id,stations[19].outlets[0].connector,stations[19].outlets[0].id,stations[19].outlets[0].kilowatts,stations[19].outlets[0].power,stations[19].outlets[0].status,stations[20].id,stations[20].outlets[0].connector,stations[20].outlets[0].id,stations[20].outlets[0].kilowatts,stations[20].outlets[0].power,stations[20].outlets[0].status,stations[8].network_id
"470-510 Princes Hwy, Geelong, VIC, Australia, 3214",321326,Geelong Supercharger,-38.065192,144.382451,751320,8,6,2234844,250,1,UNKNOWN,751316,8,6,2234840,250,1,UNKNOWN,751317,8,6,2234841,250,1,UNKNOWN,751315,8,6,2234839,250,1,UNKNOWN,751318,8,6,2234842,250,1,UNKNOWN,751319,8,6,2234843,250,1,UNKNOWN,,61280152834,,,,,,,,,,,,,,,,,,,,,,,,,,,,,,,,,,,,,,,,,,,,,,,,,,,,,,,,,,,,,,,,,,,,,,,,,,,,,,,,,,,,,,,,,,,,,,,,,,,,,,,,,,,,,,,,,,,,,,,,,,,,,,,,,,,,,,,,,,,,,,,,,,,,,,,,,,,,,,,,,,,,,,,,,,,,,
"995 Ventnor Road Summerlands VIC 3922, Australia",301479,Penguin Parade Visitor's Centre,-38.505496,145.148488,823844,,3,2330207,25,0,,,,,,,,,,,,,,,,,,,,,,,,,,,,,,,,,,,,,Open from sunrise to three hours after sunset. ,,13,2330208,25,0,,,,,,,,,,,,,,,,,,,,,,,,,,,,,,,,,,,,,,,,,,,,,,,,,,,,,,,,,,,,,,,,,,,,,,,,,,,,,,,,,,,,,,,,,,,,,,,,,,,,,,,,,,,,,,,,,,,,,,,,,,,,,,,,,,,,,,,,,,,,,,,,,,,,,,,,,,,,,,,,,,,,,,,,,
"75 Mornington-Tyabb Rd, Mornington VIC 3931, Australia",353330,Mornington Supercharger,-38.234305,145.051085,841677,8,6,2362624,250,1,,841684,8,6,2362631,250,1,,841682,8,6,2362629,250,1,,841683,8,6,2362630,250,1,,841686,8,6,2362633,250,1,,841685,8,6,2362632,250,1,,,61280152834,,,,,,,,,,,,,,,,,,,,,,,,,,,,,,,,,,,,,,,,,,,,,,,,,,,,,,,,,,,,,,,,,,,,,,,,,,,,,,,,,,,,,,,,,,,,,,,,,,,,,,,,,,,,,,,,,,,,,,,,,,,,,,,,,,,,,,,,,,,,,,,,,,,,,,,,,,,,,,,,,,,,,,,,,,,,,
"Kingston Village Square, Grubb Rd, Ocean Grove VIC 3226, Australia",239158,Kingston Village Square (DC Fast Charger),-38.246677,144.540122,620226,48,7,1773056,,0,,518372,48,13,1302782,50,0,,,,,,,,,,,,,,,,,,,,,,,,,,,,,,,1300518038,7,1773057,,0,,3,1302783,50,0,,,,,,,,,,,,,,,,,,,,,,,,,,,,,,,,,,,,,,,,,,,,,,,,,,,,,,,,,,,,,,,,,,,,,,,,,,,,,,,,,,,,,,,,,,,,,,,,,,,,,,,,,,,,,,,,,,,,,,,,,,,,,,,,,,,,,,,,,,,,,,,,,,,,,,,,,,,,,,,,,,,,
"24 Old Bridge Drive, Newhaven VIC 3925, Australia",77630,BIG4 Phillip Island Caravan Park,-38.516829,145.35646,112725,,12,282386,,0,,,,,,,,,,,,,,,,,,,,,,,,,,,,,,,,,,,,,Office open 8am to 6pm,0359567227,15,282387,,0,,,,,,,,,,,,,,,,,,,,,,,,,,,,,,,,,,,,,,,,,,,,,,,,,,,,,,,,,,,,,,,,,,,,,,,,,,,,,,,,,,,,,,,,,,,,,,,,,,,,,,,,,,,,,,,,,,,,,,,,,,,,,,,,,,,,,,,,,,,,,,,,,,,,,,,,,,,,,,,,,,,,,,,,,
"860 Melbourne Rd, Sorrento VIC 3943, Australia",383728,Sorrento Community Centre,-38.33856,144.737043,922335,60,13,2479181,50.065,0,UNKNOWN,1026735,60,13,2648571,50.065,0,AVAILABLE,1026732,60,3,2648568,50.065,0,AVAILABLE,1026730,60,3,2648566,50.065,0,AVAILABLE,1026734,60,13,2648570,50.065,0,AVAILABLE,922336,60,3,2479182,50.065,0,UNKNOWN,,,3,2479180,50.065,0,UNKNOWN,,,,,,13,2479183,50.065,0,UNKNOWN,,,,,,,,,,,,,,,,,,,,,,,,,,,,,,,,,,,,,,,,,,,,,,,,,,,,,,,,,,,,,,,,,,,,,,,,,,,,,,,,,,,,,,,,,,,,,,,,,,,,,,,,,,,,,,,,,,,,,,,,,,,,,,,,,,,,,,,,,,,,,,,,,,,,,,,,,,,,,,
"74A Church St, Whittlesea VIC 3757, Australia",339967,CTR Whittlesea,-37.51059,145.118412,826710,60,3,2334130,50.065,0,AVAILABLE,1033508,60,3,2658252,50.065,0,UNKNOWN,,,,,,,,,,,,,,,,,,,,,,,,,,,,,,611300463843,13,2334131,50.065,0,AVAILABLE,13,2658253,50.065,0,UNKNOWN,,,,,,,,,,,,,,,,,,,,,,,,,,,,,,,,,,,,,,,,,,,,,,,,,,,,,,,,,,,,,,,,,,,,,,,,,,,,,,,,,,,,,,,,,,,,,,,,,,,,,,,,,,,,,,,,,,,,,,,,,,,,,,,,,,,,,,,,,,,,,,,,,,,,,,,,,,,,,,,,,,,
"1380 Point Nepean Rd Portsea VIC 3944, Australia",62970,Rye & Sorrento Camping,-38.320637,144.718201,87641,,12,209139,,0,,,,,,,,,,,,,,,,,,,,,,,,,,,,,,,,,,,,,seasonal but 24/7,1300850600,,,,,,,,,,,,,,,,,,,,,,,,,,,,,,,,,,,,,,,,,,,,,,,,,,,,,,,,,,,,,,,,,,,,,,,,,,,,,,,,,,,,,,,,,,,,,,,,,,,,,,,,,,,,,,,,,,,,,,,,,,,,,,,,,,,,,,,,,,,,,,,,,,,,,,,,,,,,,,,,,,,,,,,,,,,,,
"179-253 Exford Rd, Weir Views VIC 3338, Australia",287913,McDonald’s Melton South,-37.722801,144.572251,1026589,60,13,2648425,50,0,AVAILABLE,707950,60,3,2135228,50,0,UNKNOWN,707951,60,3,2135230,50,0,UNKNOWN,1026591,60,3,2648427,50,0,AVAILABLE,1026592,60,3,2648428,50,0,AVAILABLE,1026594,60,13,2648430,50,0,AVAILABLE,,1300463843,,,,,,13,2135229,50,0,UNKNOWN,,,,,,13,2135231,50,0,UNKNOWN,,,,,,,,,,,,,,,,,,,,,,,,,,,,,,,,,,,,,,,,,,,,,,,,,,,,,,,,,,,,,,,,,,,,,,,,,,,,,,,,,,,,,,,,,,,,,,,,,,,,,,,,,,,,,,,,,,,,,,,,,,,,,,,,,,,,,,,,,,,,,,,,,,,,,,,,,
"1 Great Ocean Road, Jan Juc, Victoria, Australia, VIC 3228",72031,RACV Torquay Resort,-38.34035,144.310815,138518,,2,345428,,0,,414246,48,13,722857,50,0,,414247,48,3,722859,50,0,,414250,48,3,722867,350,0,,104110,35,6,255060,6,0,,432771,48,13,761890,350,0,,,61352611600,,,,,,3,722856,50,0,,3,761891,350,0,,13,722869,50,0,,13,722868,350,0,,104111,35,6,255061,6,0,,,,,,,,,,,,,,,,,,,,,,,,,,,,,,,,,,,,,,,,,,,,,,,,,,,,,,,,,,,,,,,,,,,,,,,,,,,,,,,,,,,,,,,,,,,,,,,,,,,,,,,,,,,,,,,,,,,,,,,,,,,,,,,,,,,,,,,,,,,,,,
"240 Pioneer Rd, Waurn Ponds VIC 3216, Australia",352806,Leisurelink Aquatic & Recreation Centre (Coming Soon),-38.197536,144.321073,840362,,13,2361305,50,0,,840364,,13,2361306,50,0,,,,,,,,,,,,,,,,,,,,,,,,,,,,,,,,3,2361307,50,0,,3,2360609,50,0,,,,,,,,,,,,,,,,,,,,,,,,,,,,,,,,,,,,,,,,,,,,,,,,,,,,,,,,,,,,,,,,,,,,,,,,,,,,,,,,,,,,,,,,,,,,,,,,,,,,,,,,,,,,,,,,,,,,,,,,,,,,,,,,,,,,,,,,,,,,,,,,,,,,,,,,,,,,,,,,,,,,
"Trillium Boulevard, Mickleham VIC 3064, Australia",82480,Club Trillium (gym/pool) carpark,-37.565285,144.893834,121301,,2,459015,,0,,,,,,,,,,,,,,,,,,,,,,,,,,,,,,,,,,,,,Private club facility but evse is in carpark,1300300885,,,,,,,,,,,,,,,,,,,,,,,,,,,,,,,,,,,,,,,,,,,,,,,,,,,,,,,,,,,,,,,,,,,,,,,,,,,,,,,,,,,,,,,,,,,,,,,,,,,,,,,,,,,,,,,,,,,,,,,,,,,,,,,,,,,,,,,,,,,,,,,,,,,,,,,,,,,,,,,,,,,,,,,,,,,,,
"1 Swansea Rd, Chelsea 3196, Australia",361523,Chelsea Swansea Road Car Park,-38.054795,145.115952,1026714,60,13,2648550,50.065,0,AVAILABLE,863656,60,3,2392967,50.065,0,UNKNOWN,1026713,60,3,2648548,50.065,0,AVAILABLE,1026712,60,3,2648549,50.065,0,AVAILABLE,864128,60,13,2393733,50.065,0,UNKNOWN,1026711,60,13,2648547,50.065,0,AVAILABLE,,1300463843,,,,,,13,2392968,50.065,0,UNKNOWN,,,,,,,,,,,,,,,,,,,,,,,3,2393732,50.065,0,UNKNOWN,,,,,,,,,,,,,,,,,,,,,,,,,,,,,,,,,,,,,,,,,,,,,,,,,,,,,,,,,,,,,,,,,,,,,,,,,,,,,,,,,,,,,,,,,,,,,,,,,,,,,,,,,,,,,,,,,,,,,,,,,,,,,,,,,,,,,,,,
"Corner Stud And, Heatherton Rd, Dandenong VIC 3175, Australia",308305,Ampol Dandenong Stud Road,-37.97134,145.223814,1039424,60,3,2666307,350,0,AVAILABLE,1039425,60,13,2666308,350,0,AVAILABLE,1039422,60,3,2666305,350,0,OUTOFORDER,1039423,60,13,2666306,350,0,OUTOFORDER,716504,60,13,2151625,350,0,UNKNOWN,,,,,,,,,,,,,,,,,,,,,,,,,,,,,,,,,,,,,,,,,,3,2151626,350,0,UNKNOWN,3,2151624,350,0,UNKNOWN,13,2151627,350,0,UNKNOWN,,,,,,,,,,,,,,,,,,,,,,,,,,,,,,,,,,,,,,,,,,,,,,,,,,,,,,,,,,,,,,,,,,,,,,,,,,,,,,,,,,,,,,,,,,,,,,,,,,,,,,,,,,,,,,,,,,,,,,,,,,,,,,
"Shop 17/5 Janefield Dr, Bundoora VIC 3083, Australia",310633,Uni Hill Town Centre,-37.683069,145.071032,1026621,60,13,2648457,50,0,CHARGING,1026620,60,13,2648456,50,0,AVAILABLE,722830,60,13,2168429,50,0,UNKNOWN,1026618,60,3,2648454,50,0,AVAILABLE,722829,60,13,2168427,50,0,UNKNOWN,1026619,60,3,2648455,50,0,CHARGING,,,,,,,,,,,,,,,,,,3,2168428,50,0,UNKNOWN,,,,,,,,,,,,,3,2168426,50,0,UNKNOWN,,,,,,,,,,,,,,,,,,,,,,,,,,,,,,,,,,,,,,,,,,,,,,,,,,,,,,,,,,,,,,,,,,,,,,,,,,,,,,,,,,,,,,,,,,,,,,,,,,,,,,,,,,,,,,,,,,,,,,,,,,,,,,,,,,,,,,,,
"58 Pinnacle Ln, Dixons Creek VIC 3775, Australia",117863,De Bortoli Wines Dixons Creek,-37.596809,145.412205,623985,,12,1806670,,0,,375617,,7,670028,,0,,205388,35,6,441780,22,0,,205389,35,6,441781,22,0,,,,,,,,,,,,,,,,,,,,,,,,,,,,,,,,,,,,,,,,,,,,,,,,,,,,,,,,,,,,,,,,,,,,,,,,,,,,,,,,,,,,,,,,,,,,,,,,,,,,,,,,,,,,,,,,,,,,,,,,,,,,,,,,,,,,,,,,,,,,,,,,,,,,,,,,,,,,,,,,,,,,,,,,,,,,,,,,,,,,,,,,,,,,,,
"Bollygum Park, 40 Whittlesea-Kinglake Rd, Kinglake VIC 3763, Australia",322960,Bollygum Park,-37.529366,145.339116,755834,,12,2240953,,0,,,,,,,,,,,,,,,,,,,,,,,,,,,,,,,,,,,,,,,,,,,,,,,,,,,,,,,,,,,,,,,,,,,,,,,,,,,,,,,,,,,,,,,,,,,,,,,,,,,,,,,,,,,,,,,,,,,,,,,,,,,,,,,,,,,,,,,,,,,,,,,,,,,,,,,,,,,,,,,,,,,,,,,,,,,,,,,,,,,,,,,,,,,,,,,,,,,,,,,,,,,,,,,,,,,
"665 Mt Alexander Rd, Moonee Ponds VIC 3039, Australia",214424,Moonee Ponds Supercharger,-37.765834,144.923586,461685,8,6,983055,120,1,,461687,8,6,983057,120,1,,461688,8,6,983058,120,1,,461689,8,6,983059,120,1,,461684,8,6,983054,120,1,,461686,8,6,983056,120,1,,,,,,,,,,,,,,,,,,,,,,,,,,,,,,,,,,,,,,,,,,,,,,,,,,,,,,,,,,,,,,,,,,,,,,,,,,,,,,,,,,,,,,,,,,,,,,,,,,,,,,,,,,,,,,,,,,,,,,,,,,,,,,,,,,,,,,,,,,,,,,,,,,,,,,,,,,,,,,,,,,,,,,,,,,,,,,,,
"Rockbank VIC 3335, Australia",136028,Sundowner Rockbank Caravan Park,-37.730067,144.659873,251381,,12,513588,,0,,,,,,,,,,,,,,,,,,,,,,,,,,,,,,,,,,,,,,03 9747 1340,,,,,,,,,,,,,,,,,,,,,,,,,,,,,,,,,,,,,,,,,,,,,,,,,,,,,,,,,,,,,,,,,,,,,,,,,,,,,,,,,,,,,,,,,,,,,,,,,,,,,,,,,,,,,,,,,,,,,,,,,,,,,,,,,,,,,,,,,,,,,,,,,,,,,,,,,,,,,,,,,,,,,,,,,,,,,
"401 Canterbury Rd, Vermont 3134, Australia",411461,Red Rooster Vermont,-37.83192,145.213897,993467,60,3,2594433,50.065,0,AVAILABLE,993466,60,13,2594432,50.065,0,AVAILABLE,,,,,,,,,,,,,,,,,,,,,,,,,,,,,,,13,2594434,50.065,0,AVAILABLE,3,2594431,50.065,0,AVAILABLE,,,,,,,,,,,,,,,,,,,,,,,,,,,,,,,,,,,,,,,,,,,,,,,,,,,,,,,,,,,,,,,,,,,,,,,,,,,,,,,,,,,,,,,,,,,,,,,,,,,,,,,,,,,,,,,,,,,,,,,,,,,,,,,,,,,,,,,,,,,,,,,,,,,,,,,,,,,,,,,,,,,
"2 Gellibrand St, Queenscliff, Australia, VIC 3225",98234,Queenscliff Brewhouse,-38.265713,144.663211,880577,,6,2416275,7,0,,,,,,,,,,,,,,,,,,,,,,,,,,,,,,,,,,,,,,,,,,,,,,,,,,,,,,,,,,,,,,,,,,,,,,,,,,,,,,,,,,,,,,,,,,,,,,,,,,,,,,,,,,,,,,,,,,,,,,,,,,,,,,,,,,,,,,,,,,,,,,,,,,,,,,,,,,,,,,,,,,,,,,,,,,,,,,,,,,,,,,,,,,,,,,,,,,,,,,,,,,,,,,,,,,,
"29-35 Louis St, Airport West VIC 3042, Australia",195205,Westfield Airport West,-37.713651,144.885527,411755,48,13,719260,350,0,,411756,48,3,719265,50,0,,411757,48,3,719268,50,0,,,,,,,,,,,,,,,,,,,,,,,,1300518038,13,719262,350,0,,13,719266,50,0,,,,,,,13,719269,50,0,,,,,,,,,,,,,,,,,,,,,,,,,,,,,13,719261,350,0,,13,719263,350,0,,,,,,,,,,,,,,,,,,,,,,,,,,,,,,,,,,,,,,,,,,,,,,,,,,,,,,,,,,,,,,,,,,,,,,,,,,,,,,,,,,,,,,,,,,,,,,,,,,,,,,,,,,,,,,,,,,,,,
"Coles Express 410 Melton Highway, Taylors Lakes VIC 3038, Australia",337324,Shell Taylors Lakes,-37.69657,144.78212,1026654,60,3,2648490,350,0,OUTOFORDER,1026655,60,13,2648491,350,0,AVAILABLE,795635,60,3,2293254,350,0,UNKNOWN,1026656,60,3,2648492,350,0,AVAILABLE,1026653,60,13,2648489,350,0,OUTOFORDER,,,,,,,,,1300463843,,,,,,,,,,,,,,,,3,2293256,350,0,UNKNOWN,,,,,,,,,,,,,,,,,,,,,,,,,,,,,,,,,,,,,,13,2293257,350,0,UNKNOWN,13,2293255,350,0,UNKNOWN,,,,,,,,,,,,,,,,,,,,,,,,,,,,,,,,,,,,,,,,,,,,,,,,,,,,,,,,,,,,,,,,,,,,,,,,,,,,,,,,,,,,,,,,,,,,,,,,,,,,,,,,,,
"3260 S Gippsland Hwy, Tooradin VIC 3980, Australia",252979,Tooradin Airfield / Wings & Fins Seafood Restaurant,-38.214809,145.422459,554825,35,6,1528861,5,0,,,,,,,,,,,,,,,,,,,,,,,,,,,,,,,,,,,,,,,,,,,,,,,,,,,,,,,,,,,,,,,,,,,,,,,,,,,,,,,,,,,,,,,,,,,,,,,,,,,,,,,,,,,,,,,,,,,,,,,,,,,,,,,,,,,,,,,,,,,,,,,,,,,,,,,,,,,,,,,,,,,,,,,,,,,,,,,,,,,,,,,,,,,,,,,,,,,,,,,,,,,,,,,,,,,
"136 Graydens Road Moorooduc VIC 3933, Australia",231084,Woodman Estate,-38.282256,145.125377,503653,57,7,1243960,,0,,553401,57,7,1523329,,0,,,,,,,,,,,,,,,,,,,,,,,,,,,,,,,59788455,,,,,,,,,,,,,,,,,,,,,,,,,,,,,,,,,,,,,,,,,,,,,,,,,,,,,,,,,,,,,,,,,,,,,,,,,,,,,,,,,,,,,,,,,,,,,,,,,,,,,,,,,,,,,,,,,,,,,,,,,,,,,,,,,,,,,,,,,,,,,,,,,,,,,,,,,,,,,,,,,,,,,,,,,,,,,
"2 Thackray Rd, Port Melbourne VIC 3207, Australia",306361,Middy’s Port Melbourne,-37.828073,144.925718,892606,48,13,2431716,25,0,,,,,,,,,,,,,,,,,,,,,,,,,,,,,,,,,,,,,"Trading Hours
Monday to Friday 6.00am - 5.00pm
Saturdays 7.00am - 12.00pm
Sunday Closed",,3,2431717,25,0,,,,,,,,,,,,,,,,,,,,,,,,,,,,,,,,,,,,,,,,,,,,,,,,,,,,,,,,,,,,,,,,,,,,,,,,,,,,,,,,,,,,,,,,,,,,,,,,,,,,,,,,,,,,,,,,,,,,,,,,,,,,,,,,,,,,,,,,,,,,,,,,,,,,,,,,,,,,,,,,,,,,,,,,,
"2 Robinsons Rd, Frankston VIC 3199, Australia",76046,BIG4 Mornington Peninsula Holiday Park,-38.174557,145.141541,109998,,12,546182,,0,,,,,,,,,,,,,,,,,,,,,,,,,,,,,,,,,,,,,,,,,,,,,,,,,,,,,,,,,,,,,,,,,,,,,,,,,,,,,,,,,,,,,,,,,,,,,,,,,,,,,,,,,,,,,,,,,,,,,,,,,,,,,,,,,,,,,,,,,,,,,,,,,,,,,,,,,,,,,,,,,,,,,,,,,,,,,,,,,,,,,,,,,,,,,,,,,,,,,,,,,,,,,,,,,,,
"20 Alphey Road, Clyde North VIC 3978, Australia",174569,Club Delaray,-38.110037,145.336394,356963,57,7,2085549,,0,,,,,,,,,,,,,,,,,,,,,,,,,,,,,,,,,,,,,In car park of Delaray Club,,,,,,,,,,,,,,,,,,,,,,,,,,,,,,,,,,,,,,,,,,,,,,,,,,,,,,,,,,,,,,,,,,,,,,,,,,,,,,,,,,,,,,,,,,,,,,,,,,,,,,,,,,,,,,,,,,,,,,,,,,,,,,,,,,,,,,,,,,,,,,,,,,,,,,,,,,,,,,,,,,,,,,,,,,,,,,
"97 Highbury Rd, Burwood VIC 3125, Australia",216553,Wanzl / Rectifier Technologies,-37.85402,145.104433,838032,48,13,2357792,,0,,,,,,,,,,,,,,,,,,,,,,,,,,,,,,,,,,,,,Mon - Fri 9AM - 6PM excluding public holidays,1300518038,,,,,,,,,,,,,,,,,,,,,,,,,,,,,,,,,,,,,,,,,,,,,,,,,,,,,,,,,,,,,,,,,,,,,,,,,,,,,,,,,,,,,,,,,,,,,,,,,,,,,,,,,,,,,,,,,,,,,,,,,,,,,,,,,,,,,,,,,,,,,,,,,,,,,,,,,,,,,,,,,,,,,,,,,,,,,
"793 Burke Road , Camberwell, VIC, Australia, 3124",240701,Camberwell Supercharger,-37.828606,145.05643,522121,8,6,1334499,120,1,,522118,8,6,1334496,120,1,,522119,8,6,1334497,120,1,,522120,8,6,1334498,120,1,,522122,8,6,1334500,120,1,,522117,8,6,1334495,120,1,,0530 - 2230,,,,,,,,,,,,,,,,,,,,,,,,,,,,,,,,,,,,,,,,,,,,,,,,,,,,,,,,,,,,,,,,,,,,,,,,,,,,,,,,,,,,,,,,,,,,,,,,,,,,,,,,,,,,,,,,,,,,,,,,,,,,,,,,,,,,,,,,,,,,,,,,,,,,,,,,,,,,,,,,,,,,,,,,,,,,,,
"650 Church St, Cremorne VIC 3121, Australia",190898,Melbourne Richmond Supercharger,-37.831997,144.995807,399505,8,6,701249,120,1,,399507,8,6,701251,120,1,,399504,8,6,701248,120,1,,399506,8,6,701250,120,1,,,,,,,,,,,,,,,,Lounge no longer open 24/7.,,,,,,,,,,,,,,,,,,,,,,,,,,,,,,,,,,,,,,,,,,,,,,,,,,,,,,,,,,,,,,,,,,,,,,,,,,,,,,,,,,,,,,,,,,,,,,,,,,,,,,,,,,,,,,,,,,,,,,,,,,,,,,,,,,,,,,,,,,,,,,,,,,,,,,,,,,,,,,,,,,,,,,,,,,,,,,
"1 Scanlon Drive, Epping VIC 3076, Australia",413756,BP Northpoint,-37.648097,144.994195,1026759,60,13,2648595,350,0,AVAILABLE,999322,60,13,2603638,350,0,UNKNOWN,1026760,60,3,2648596,350,0,AVAILABLE,1026762,60,13,2648598,350,0,AVAILABLE,1026761,60,3,2648597,350,0,AVAILABLE,,,,,,,,,,,,,,,13,2603640,350,0,UNKNOWN,,,,,,,,,,,,,,,,,,,,,,,,,,,,,,,,,,,,,,,,,,,,,,,,,,,,,,,,,,3,2603637,350,0,UNKNOWN,3,2603639,350,0,UNKNOWN,,,,,,,,,,,,,,,,,,,,,,,,,,,,,,,,,,,,,,,,,,,,,,,,,,,,,,,,,,,,,,,,,,,,,,,,,,,,,,,,,,,,,,,,,,,,,,,,
"Main St & Murnong St, Point Cook VIC 3030, Australia",60548,Stockland Point Cook,-37.884254,144.736465,245144,1,2,503888,,0,,,,,,,,,,,,,,,,,,,,,,,,,,,,,,,,,,,,,,,,,,,,,,,,,,,,,,,,,,,,,,,,,,,,,,,,,,,,,,,,,,,,,,,,,,,,,,,,,,,,,,,,,,,,,,,,,,,,,,,,,,,,,,,,,,,,,,,,,,,,,,,,,,,,,,,,,,,,,,,,,,,,,,,,,,,,,,,,,,,,,,,,,,,,,,,,,,,,,,,,,,,,,,,,,,,
"1 Marlin Street, Smiths Beach, VIC 3922",95364,Clifftop Accommodation Phillip Island,-38.504564,145.259653,855068,,6,2380618,22,0,,855069,,6,2380619,22,0,,,,,,,,,,,,,,,,,,,,,,,,,,,,,,,,,,,,,,,,,,,,,,,,,,,,,,,,,,,,,,,,,,,,,,,,,,,,,,,,,,,,,,,,,,,,,,,,,,,,,,,,,,,,,,,,,,,,,,,,,,,,,,,,,,,,,,,,,,,,,,,,,,,,,,,,,,,,,,,,,,,,,,,,,,,,,,,,,,,,,,,,,,,,,,,,,,,,,,,,,,,,
"5 Stony Point Road, Crib Point VIC 3919, Australia",154241,Stony point caravan park,-38.374257,145.221478,296602,,12,568400,,0,,296603,,12,568401,,0,,296604,,12,568402,,0,,296605,,12,568403,,0,,,,,,,,,,,,,,,,8-6pm weekdays,03 5983 9242,,,,,,,,,,,,,,,,,,,,,,,,,,,,,,,,,,,,,,,,,,,,,,,,,,,,,,,,,,,,,,,,,,,,,,,,,,,,,,,,,,,,,,,,,,,,,,,,,,,,,,,,,,,,,,,,,,,,,,,,,,,,,,,,,,,,,,,,,,,,,,,,,,,,,,,,,,,,,,,,,,,,,,,,,,,,,
"23 Lockwood Rd, Belgrave Heights VIC 3160, Australia",164053,Belgrave Heights Convention Centre,-37.923605,145.348486,328421,,12,609609,,0,,,,,,,,,,,,,,,,,,,,,,,,,,,,,,,,,,,,,,,,,,,,,,,,,,,,,,,,,,,,,,,,,,,,,,,,,,,,,,,,,,,,,,,,,,,,,,,,,,,,,,,,,,,,,,,,,,,,,,,,,,,,,,,,,,,,,,,,,,,,,,,,,,,,,,,,,,,,,,,,,,,,,,,,,,,,,,,,,,,,,,,,,,,,,,,,,,,,,,,,,,,,,,,,,,,
"370 Darebin Rd, Alphington VIC 3078, Australia",379647,Corsair Solutions,-37.767107,145.03066,980032,48,13,2573378,80,0,,,,,,,,,,,,,,,,,,,,,,,,,,,,,,,,,,,,,06:00 - 19:30 Mon - Sat (Gates close at 8pm),,13,2573379,80,0,,,,,,,,,,,,,,,,,,,,,,,,,,,,,,,,,,,,,,,,,,,,,,,,,,,,,,,,,,,,,,,,,,,,,,,,,,,,,,,,,,,,,,,,,,,,,,,,,,,,,,,,,,,,,,,,,,,,,,,,,,,,,,,,,,,,,,,,,,,,,,,,,,,,,,,,,,,,,,,,,,,,,,,,,
"880 Princes Hwy Service Rd, Caulfield East VIC 3145, Australia",199686,Monash University Caulfield Car Park,-37.876073,145.043688,423839,,12,741937,,0,,423761,48,13,741847,50,0,,,,,,,,,,,,,,,,,,,,,,,,,,,,,,,1300 518 038,,,,,,3,741848,50,0,,,,,,,,,,,,,,,,,,,,,,,,,,,,,,,,,,,,,,,,,,,,,,,,,,,,,,,,,,,,,,,,,,,,,,,,,,,,,,,,,,,,,,,,,,,,,,,,,,,,,,,,,,,,,,,,,,,,,,,,,,,,,,,,,,,,,,,,,,,,,,,,,,,,,,,,,,,,,,,,,,,,
"Corner Stud & Fullham Rd, Rowville 3178, Australia",405692,Stud Park Shopping Centre,-37.9214,145.237553,977878,60,3,2570504,50.065,0,UNKNOWN,1026746,60,13,2648582,50.065,0,CHARGING,1026749,60,3,2648585,50.065,0,CHARGING,1026750,60,13,2648586,50.065,0,OUTOFORDER,977879,60,3,2570506,50.065,0,UNKNOWN,1026748,60,3,2648584,50.065,0,OUTOFORDER,,,13,2570505,50.065,0,UNKNOWN,,,,,,,,,,,,,,,,,,,,,,,,,,,,13,2570507,50.065,0,UNKNOWN,,,,,,,,,,,,,,,,,,,,,,,,,,,,,,,,,,,,,,,,,,,,,,,,,,,,,,,,,,,,,,,,,,,,,,,,,,,,,,,,,,,,,,,,,,,,,,,,,,,,,,,,,,,,,,,,,,,,,,,,,,,,,,,,,,,,,,,,
"20 William St, Hawthorn VIC 3122, Australia",17475,Swinburne University - TC Building,-37.820819,145.039887,414027,1,3,722382,50,0,,,,,,,,,,,,,,,,,,,,,,,,,,,,,,,,,,,,,,6139214800,13,722383,50,0,,,,,,,,,,,,,,,,,,,,,,,,,,,,,,,,,,,,,,,,,,,,,,,,,,,,,,,,,,,,,,,,,,,,,,,,,,,,,,,,,,,,,,,,,,,,,,,,,,,,,,,,,,,,,,,,,,,,,,,,,,,,,,,,,,,,,,,,,,,,,,,,,,,,,,,,,,,,,,,,,,,,,,,,,
"26 Merricks Road Merricks VIC 3916, Australia",166617,Paradigm Hill Winery,-38.385929,145.071771,337175,35,6,620515,22,0,,,,,,,,,,,,,,,,,,,,,,,,,,,,,,,,,,,,,"Open every weekend, Saturday and Sunday, from 12 noon to 5pm",0359899000,,,,,,,,,,,,,,,,,,,,,,,,,,,,,,,,,,,,,,,,,,,,,,,,,,,,,,,,,,,,,,,,,,,,,,,,,,,,,,,,,,,,,,,,,,,,,,,,,,,,,,,,,,,,,,,,,,,,,,,,,,,,,,,,,,,,,,,,,,,,,,,,,,,,,,,,,,,,,,,,,,,,,,,,,,,,,
"252-256 Portarlington Rd, Moolap, Victoria 3224",343807,AWM Greentech Geelong,-38.163929,144.411376,813576,,7,2316789,,0,,,,,,,,,,,,,,,,,,,,,,,,,,,,,,,,,,,,,7am - 5pm,0352216222,,,,,,,,,,,,,,,,,,,,,,,,,,,,,,,,,,,,,,,,,,,,,,,,,,,,,,,,,,,,,,,,,,,,,,,,,,,,,,,,,,,,,,,,,,,,,,,,,,,,,,,,,,,,,,,,,,,,,,,,,,,,,,,,,,,,,,,,,,,,,,,,,,,,,,,,,,,,,,,,,,,,,,,,,,,,,
"200 James Mirams Dr, Roxburgh Park VIC 3064, Australia",325354,Greenvale Woolworths,-37.616294,144.914873,762716,,7,2250096,,0,,,,,,,,,,,,,,,,,,,,,,,,,,,,,,,,,,,,,,,,,,,,,,,,,,,,,,,,,,,,,,,,,,,,,,,,,,,,,,,,,,,,,,,,,,,,,,,,,,,,,,,,,,,,,,,,,,,,,,,,,,,,,,,,,,,,,,,,,,,,,,,,,,,,,,,,,,,,,,,,,,,,,,,,,,,,,,,,,,,,,,,,,,,,,,,,,,,,,,,,,,,,,,,,,,,
"320 Mount Dandenong Tourist Rd Sassafras VIC 3787, Australia",63939,King Henry Arts Cafe,-37.868948,145.351181,88983,,12,203372,,0,,,,,,,,,,,,,,,,,,,,,,,,,,,,,,,,,,,,,9am - 5pm ,0397552346,,,,,,,,,,,,,,,,,,,,,,,,,,,,,,,,,,,,,,,,,,,,,,,,,,,,,,,,,,,,,,,,,,,,,,,,,,,,,,,,,,,,,,,,,,,,,,,,,,,,,,,,,,,,,,,,,,,,,,,,,,,,,,,,,,,,,,,,,,,,,,,,,,,,,,,,,,,,,,,,,,,,,,,,,,,,,
"15 Edward St, Brunswick VIC 3056, Australia",238628,Brunswick EV Hub,-37.773851,144.961886,555272,48,3,1530298,50,0,,556115,48,7,1534044,,0,,556116,48,7,1534045,,0,,833100,48,3,2351442,50,0,,,,,,,,,,,,,,,,,1300518038,13,1530297,50,0,,,,,,,,,,,,,,,,,13,2351443,50,0,,,,,,,,,,,,,,,,,,,,,,,,,,,,,,,,,,,,,,,,,,,,,,,,,,,,,,,,,,,,,,,,,,,,,,,,,,,,,,,,,,,,,,,,,,,,,,,,,,,,,,,,,,,,,,,,,,,,,,,,,,,,,,,,,,,,,,,,,,,,,,,,,,,,,
"10 St Huberts Rd, Coldstream VIC 3770, Australia",370359,Huberts Estate,-37.697017,145.415698,887607,,7,2425699,,0,,,,,,,,,,,,,,,,,,,,,,,,,,,,,,,,,,,,,,,,,,,,,,,,,,,,,,,,,,,,,,,,,,,,,,,,,,,,,,,,,,,,,,,,,,,,,,,,,,,,,,,,,,,,,,,,,,,,,,,,,,,,,,,,,,,,,,,,,,,,,,,,,,,,,,,,,,,,,,,,,,,,,,,,,,,,,,,,,,,,,,,,,,,,,,,,,,,,,,,,,,,,,,,,,,,
"10 Hummingbird Dr, Botanic Ridge VIC 3977, Australia",386639,Botanic Ridge Village,-38.150115,145.290458,930541,,7,2492743,,0,,930542,,7,2492744,,0,,,,,,,,,,,,,,,,,,,,,,,,,,,,,,,,,,,,,,,,,,,,,,,,,,,,,,,,,,,,,,,,,,,,,,,,,,,,,,,,,,,,,,,,,,,,,,,,,,,,,,,,,,,,,,,,,,,,,,,,,,,,,,,,,,,,,,,,,,,,,,,,,,,,,,,,,,,,,,,,,,,,,,,,,,,,,,,,,,,,,,,,,,,,,,,,,,,,,,,,,,,,
"Unit 32, 231 Osborne Avenue, Clayton South VIC 3169, Australia",240005,EVolution HQ,-37.942988,145.11844,415934,57,7,725131,22,0,,520288,57,3,1312352,20,0,,,,,,,,,,,,,,,,,,,,,,,,,,,,,,,,7,725130,22,0,,13,1312353,20,0,,,,,,,,,,,,,,,,,,,,,,,,,,,,,,,,,,,,,,,,,,,,,,,,,,,,,,,,,,,,,,,,,,,,,,,,,,,,,,,,,,,,,,,,,,,,,,,,,,,,,,,,,,,,,,,,,,,,,,,,,,,,,,,,,,,,,,,,,,,,,,,,,,,,,,,,,,,,,,,,,,,,
"Dingley Reserve, Dingley Village VIC 3172, Australia",175050,dingley reserve ,-37.984056,145.137319,358194,,12,647453,,0,,,,,,,,,,,,,,,,,,,,,,,,,,,,,,,,,,,,,,,,,,,,,,,,,,,,,,,,,,,,,,,,,,,,,,,,,,,,,,,,,,,,,,,,,,,,,,,,,,,,,,,,,,,,,,,,,,,,,,,,,,,,,,,,,,,,,,,,,,,,,,,,,,,,,,,,,,,,,,,,,,,,,,,,,,,,,,,,,,,,,,,,,,,,,,,,,,,,,,,,,,,,,,,,,,,
"451 Lower Heidelberg Rd, Heidelberg VIC 3084, Australia",193122,Woolworths Heidelberg,-37.758997,145.068632,405885,48,7,711852,,0,,405886,48,7,711854,,0,,405899,48,7,711876,,0,,405890,48,7,711862,,0,,405895,48,7,711869,,0,,405897,48,7,711872,,0,,,,7,711853,,0,,7,711855,,0,,7,711873,,0,,7,711877,,0,,7,711863,,0,,405898,48,7,711874,,0,,7,711870,,0,,,,,,,,,,,,,,,,,,,,,,,,,,,,,,,,,,,,,,,,,,7,711875,,0,,405900,48,7,711878,,0,,7,711879,,0,,,,,,,,,,,,,,,,,,,,,,,,,,,,,,,,,,,,,,,,,,,,,,,,,,,,,,,,,,,,,,,,,,,,,,,,,,,,,,,,
"17 Potters HIll Rd, Phillip Island, , Australia, VIC 3925",98228,Silverwater Resorts Phillip Island,-38.522528,145.392082,161521,35,6,377385,22,0,,161522,35,6,377386,22,0,,,,,,,,,,,,,,,,,,,,,,,,,,,,,,,,,,,,,,,,,,,,,,,,,,,,,,,,,,,,,,,,,,,,,,,,,,,,,,,,,,,,,,,,,,,,,,,,,,,,,,,,,,,,,,,,,,,,,,,,,,,,,,,,,,,,,,,,,,,,,,,,,,,,,,,,,,,,,,,,,,,,,,,,,,,,,,,,,,,,,,,,,,,,,,,,,,,,,,,,,,,,
"76 Royal Ave, Sandringham VIC 3191, Australia",289542,Bayside City Council,-37.959394,145.017704,633780,48,3,1934842,50,0,,,,,,,,,,,,,,,,,,,,,,,,,,,,,,,,,,,,,,,13,1934843,50,0,,,,,,,,,,,,,,,,,,,,,,,,,,,,,,,,,,,,,,,,,,,,,,,,,,,,,,,,,,,,,,,,,,,,,,,,,,,,,,,,,,,,,,,,,,,,,,,,,,,,,,,,,,,,,,,,,,,,,,,,,,,,,,,,,,,,,,,,,,,,,,,,,,,,,,,,,,,,,,,,,,,,,,,,,
"2 Lesdon Ave, Cranbourne VIC 3977, Australia",198252,Cranbourne Home (Out Of Service),-38.087041,145.279599,420102,57,7,730271,22,0,,,,,,,,,,,,,,,,,,,,,,,,,,,,,,,,,,,,,,,7,730270,22,0,,,,,,,,,,,,,,,,,,,,,,,,,,,,,,,,,,,,,,,,,,,,,,,,,,,,,,,,,,,,,,,,,,,,,,,,,,,,,,,,,,,,,,,,,,,,,,,,,,,,,,,,,,,,,,,,,,,,,,,,,,,,,,,,,,,,,,,,,,,,,,,,,,,,,,,,,,,,,,,,,,,,,,,,,
"855 Nepean Hwy, Bentleigh VIC 3204, Australia",386942,Porsche Centre Brighton,-37.925691,145.027893,931237,,3,2493637,,0,,,,,,,,,,,,,,,,,,,,,,,,,,,,,,,,,,,,,,,,,,,,,,,,,,,,,,,,,,,,,,,,,,,,,,,,,,,,,,,,,,,,,,,,,,,,,,,,,,,,,,,,,,,,,,,,,,,,,,,,,,,,,,,,,,,,,,,,,,,,,,,,,,,,,,,,,,,,,,,,,,,,,,,,,,,,,,,,,,,,,,,,,,,,,,,,,,,,,,,,,,,,,,,,,,,
"511 Burwood Hwy, Wantirna South VIC 3152, Australia",187790,Knox Civic Centre,-37.871723,145.245056,396686,48,7,697500,,0,,,,,,,,,,,,,,,,,,,,,,,,,,,,,,,,,,,,,,,7,697501,,0,,,,,,,,,,,,,,,,,,,,,,,,,,,,,,,,,,,,,,,,,,,,,,,,,,,,,,,,,,,,,,,,,,,,,,,,,,,,,,,,,,,,,,,,,,,,,,,,,,,,,,,,,,,,,,,,,,,,,,,,,,,,,,,,,,,,,,,,,,,,,,,,,,,,,,,,,,,,,,,,,,,,,,,,,
"Bunnings Warehouse Sunshine, 480 Ballarat Rd, Sunshine North VIC 3020, Australia",451986,Bunnings Sunshine,-37.776275,144.83008,1087168,,12,2747360,,0,,,,,,,,,,,,,,,,,,,,,,,,,,,,,,,,,,,,,,,,,,,,,,,,,,,,,,,,,,,,,,,,,,,,,,,,,,,,,,,,,,,,,,,,,,,,,,,,,,,,,,,,,,,,,,,,,,,,,,,,,,,,,,,,,,,,,,,,,,,,,,,,,,,,,,,,,,,,,,,,,,,,,,,,,,,,,,,,,,,,,,,,,,,,,,,,,,,,,,,,,,,,,,,,,,,
"40 Brougham St, Eltham VIC 3095, Australia",320961,Eltham Leisure Centre,-37.722925,145.142426,752161,48,7,2235956,7,0,UNKNOWN,750409,48,7,2233781,7,0,UNKNOWN,,,,,,,,,,,,,,,,,,,,,,,,,,,,,,,7,2235957,7,0,UNKNOWN,7,2235955,7,0,UNKNOWN,,,,,,,,,,,,,,,,,,,,,,,,,,,,,,,,,,,,,,,,,,,,,,,,,,,,,,,,,,,,,,,,,,,,,,,,,,,,,,,,,,,,,,,,,,,,,,,,,,,,,,,,,,,,,,,,,,,,,,,,,,,,,,,,,,,,,,,,,,,,,,,,,,,,,,,,,,,,,,,,,,,
"124-134 Millers Rd, Altona North VIC 3025, Australia",357921,Altona Gate Shopping Centre,-37.827587,144.848241,853827,,12,2378979,,0,,,,,,,,,,,,,,,,,,,,,,,,,,,,,,,,,,,,,,,,,,,,,,,,,,,,,,,,,,,,,,,,,,,,,,,,,,,,,,,,,,,,,,,,,,,,,,,,,,,,,,,,,,,,,,,,,,,,,,,,,,,,,,,,,,,,,,,,,,,,,,,,,,,,,,,,,,,,,,,,,,,,,,,,,,,,,,,,,,,,,,,,,,,,,,,,,,,,,,,,,,,,,,,,,,,
"6-10 Kangan Dr, Berwick VIC 3806",37256,Berwick Nissan,-38.040047,145.343384,775136,,7,2266709,,0,,,,,,,,,,,,,,,,,,,,,,,,,,,,,,,,,,,,,,,,,,,,,,,,,,,,,,,,,,,,,,,,,,,,,,,,,,,,,,,,,,,,,,,,,,,,,,,,,,,,,,,,,,,,,,,,,,,,,,,,,,,,,,,,,,,,,,,,,,,,,,,,,,,,,,,,,,,,,,,,,,,,,,,,,,,,,,,,,,,,,,,,,,,,,,,,,,,,,,,,,,,,,,,,,,,
"1333 Mornington-Flinders Rd, Main Ridge VIC 3928, Australia",231366,Ten Minutes by Tractor,-38.394641,144.994231,519545,35,6,1308483,22,0,,519546,35,6,1308484,22,0,,,,,,,,,,,,,,,,,,,,,,,,,,,,,,,,,,,,,,,,,,,,,,,,,,,,,,,,,,,,,,,,,,,,,,,,,,,,,,,,,,,,,,,,,,,,,,,,,,,,,,,,,,,,,,,,,,,,,,,,,,,,,,,,,,,,,,,,,,,,,,,,,,,,,,,,,,,,,,,,,,,,,,,,,,,,,,,,,,,,,,,,,,,,,,,,,,,,,,,,,,,,
"120 Arthurs Seat Road, Red Hill VIC 3937, Australia",169685,Eldridge Estate Winery,-38.372182,145.018678,344514,35,6,629805,22,0,,990349,57,7,2589748,,0,,,,,,,,,,,,,,,,,,,,,,,,,,,,,,,,,,,,,,,,,,,,,,,,,,,,,,,,,,,,,,,,,,,,,,,,,,,,,,,,,,,,,,,,,,,,,,,,,,,,,,,,,,,,,,,,,,,,,,,,,,,,,,,,,,,,,,,,,,,,,,,,,,,,,,,,,,,,,,,,,,,,,,,,,,,,,,,,,,,,,,,,,,,,,,,,,,,,,,,,,,,,
"25 Harrisons Rd, Dromana VIC 3936, Australia",332733,Lakeside Villas at Crittenden Estate,-38.335276,145.018981,783508,,7,2277659,,0,,783509,,7,2277660,,0,,,,,,,,,,,,,,,,,,,,,,,,,,,,,,,,,,,,,,,,,,,,,,,,,,,,,,,,,,,,,,,,,,,,,,,,,,,,,,,,,,,,,,,,,,,,,,,,,,,,,,,,,,,,,,,,,,,,,,,,,,,,,,,,,,,,,,,,,,,,,,,,,,,,,,,,,,,,,,,,,,,,,,,,,,,,,,,,,,,,,,,,,,,,,,,,,,,,,,,,,,,,
"46-70 Central Boulevard, Armstrong Creek VIC 3217, Australia",208663,Armstrong Creek East Community Hub,-38.231922,144.368965,446512,48,7,857665,,0,,446514,48,7,857669,,0,,446513,48,7,857667,,0,,634759,48,7,1945262,,0,,634760,48,7,1945263,,0,,634761,48,7,1945264,,0,,,,,,,,,,,,,,,,,,,,,,,,,,,,,,,,,,,,,,,,,,,,,,,,,,,,,,,,,,,,,,,,,,,,,,,,,,,,,,,,,,,,,,,,,,,,,,,,,,,,,,,,,,,,,,,,,,,,,,,,,,,,,,,,,,,,,,,,,,,,,,,,,,,,,,,,,,,,,,,,,,,,,,,,,,,,,,,,
"211 Ferris Rd, Melton South VIC 3338, Australia",320341,Coles - Cobblebank Village,-37.713815,144.601847,748488,,7,2231779,,0,UNKNOWN,,,,,,,,,,,,,,,,,,,,,,,,,,,,,,,,,,,,,,7,2231780,,0,UNKNOWN,,,,,,,,,,,,,,,,,,,,,,,,,,,,,,,,,,,,,,,,,,,,,,,,,,,,,,,,,,,,,,,,,,,,,,,,,,,,,,,,,,,,,,,,,,,,,,,,,,,,,,,,,,,,,,,,,,,,,,,,,,,,,,,,,,,,,,,,,,,,,,,,,,,,,,,,,,,,,,,,,,,,,,,,
"1 Esplanade, Sorrento VIC 3943, Australia",294718,Sorrento Hotel,-38.338316,144.743447,645206,,12,2050737,,0,,,,,,,,,,,,,,,,,,,,,,,,,,,,,,,,,,,,,,,,,,,,,,,,,,,,,,,,,,,,,,,,,,,,,,,,,,,,,,,,,,,,,,,,,,,,,,,,,,,,,,,,,,,,,,,,,,,,,,,,,,,,,,,,,,,,,,,,,,,,,,,,,,,,,,,,,,,,,,,,,,,,,,,,,,,,,,,,,,,,,,,,,,,,,,,,,,,,,,,,,,,,,,,,,,,
"Commonwealth Reserve, Williamstown VIC 3016, Australia",272085,Nelson Place Parking/Charging,-37.863107,144.904614,600329,48,7,1667157,,0,,615638,48,7,1732112,,0,,,,,,,,,,,,,,,,,,,,,,,,,,,,,,,,,,,,,,,,,,,,,,,,,,,,,,,,,,,,,,,,,,,,,,,,,,,,,,,,,,,,,,,,,,,,,,,,,,,,,,,,,,,,,,,,,,,,,,,,,,,,,,,,,,,,,,,,,,,,,,,,,,,,,,,,,,,,,,,,,,,,,,,,,,,,,,,,,,,,,,,,,,,,,,,,,,,,,,,,,,,,
"5-17 Doveton Avenue, Eumemmerring, Victoria, Australia, VIC 3177",87823,Atura Hotel Dandenong,-38.002297,145.250432,135946,35,6,335387,22,0,,,,,,,,,,,,,,,,,,,,,,,,,,,,,,,,,,,,,,,,,,,,,,,,,,,,,,,,,,,,,,,,,,,,,,,,,,,,,,,,,,,,,,,,,,,,,,,,,,,,,,,,,,,,,,,,,,,,,,,,,,,,,,,,,,,,,,,,,,,,,,,,,,,,,,,,,,,,,,,,,,,,,,,,,,,,,,,,,,,,,,,,,,,,,,,,,,,,,,,,,,,,,,,,,,,
"675 Anglesea Rd, Freshwater Creek VIC 3217, Australia",122940,Common Ground Project,-38.259646,144.276227,217748,35,6,462084,22,0,,217749,35,6,462085,22,0,,,,,,,,,,,,,,,,,,,,,,,,,,,,,,,,,,,,,,,,,,,,,,,,,,,,,,,,,,,,,,,,,,,,,,,,,,,,,,,,,,,,,,,,,,,,,,,,,,,,,,,,,,,,,,,,,,,,,,,,,,,,,,,,,,,,,,,,,,,,,,,,,,,,,,,,,,,,,,,,,,,,,,,,,,,,,,,,,,,,,,,,,,,,,,,,,,,,,,,,,,,,
"15-25 Francis Briggs Road, Tullamarine, , Australia, VIC 3045",249366,Melbourne Airport - Qantas Valet Parking,-37.669133,144.851581,545420,35,6,1489972,22,0,,545421,35,6,1489973,22,0,,,,,,,,,,,,,,,,,,,,,,,,,,,,,,,,,,,,,,,,,,,,,,,,,,,,,,,,,,,,,,,,,,,,,,,,,,,,,,,,,,,,,,,,,,,,,,,,,,,,,,,,,,,,,,,,,,,,,,,,,,,,,,,,,,,,,,,,,,,,,,,,,,,,,,,,,,,,,,,,,,,,,,,,,,,,,,,,,,,,,,,,,,,,,,,,,,,,,,,,,,,,
"Astley Dr, Bridge Rd, Strathtulloh VIC 3338, Australia",353332,Cobblebank Stadium,-37.716016,144.599558,841688,48,3,2362636,,0,,,,,,,,,,,,,,,,,,,,,,,,,,,,,,,,,,,,,,,13,2362637,,0,,,,,,,,,,,,,,,,,,,,,,,,,,,,,,,,,,,,,,,,,,,,,,,,,,,,,,,,,,,,,,,,,,,,,,,,,,,,,,,,,,,,,,,,,,,,,,,,,,,,,,,,,,,,,,,,,,,,,,,,,,,,,,,,,,,,,,,,,,,,,,,,,,,,,,,,,,,,,,,,,,,,,,,,,
"Cohealth Clinic, Laverton Community Hub Corner Donald St &, Railway Ave, Laverton VIC 3028, Australia",252166,Laverton Community Hub,-37.865302,144.76925,552840,48,7,1520977,,0,,,,,,,,,,,,,,,,,,,,,,,,,,,,,,,,,,,,,,,7,1520974,,0,,,,,,,,,,,,,,,,,,,,,,,,,,,,,,,,,,,,,,,,,,,,,,,,,,,,,,,,,,,,,,,,,,,,,,,,,,,,,,,,,,,,,,,,,,,,,,,,,,,,,,,,,,,,,,,,,,,,,,,,,,,,,,,,,,,,,,,,,,,,,,,,,,,,,,,,,,,,,,,,,,,,,,,,,
"1 Horsburgh Drive, Altona North, VIC, 3025, Australia",377660,Ampol Foodary Altona North (Coming Soon),-37.84667,144.809201,906607,1292,3,2453971,150,0,,906608,1292,3,2453973,150,0,,,,,,,,,,,,,,,,,,,,,,,,,,,,,,,,13,2453972,150,0,,13,2453974,150,0,,,,,,,,,,,,,,,,,,,,,,,,,,,,,,,,,,,,,,,,,,,,,,,,,,,,,,,,,,,,,,,,,,,,,,,,,,,,,,,,,,,,,,,,,,,,,,,,,,,,,,,,,,,,,,,,,,,,,,,,,,,,,,,,,,,,,,,,,,,,,,,,,,,,,,,,,,,,,,,,,,,,
"115 Civic Parade, Altona VIC 3018, Australia",196787,Hobsons Bay Civic Centre,-37.863399,144.831492,1032597,48,13,2656922,50,0,,,,,,,,,,,,,,,,,,,,,,,,,,,,,,,,,,,,,,,3,2656923,50,0,,,,,,,,,,,,,,,,,,,,,,,,,,,,,,,,,,,,,,,,,,,,,,,,,,,,,,,,,,,,,,,,,,,,,,,,,,,,,,,,,,,,,,,,,,,,,,,,,,,,,,,,,,,,,,,,,,,,,,,,,,,,,,,,,,,,,,,,,,,,,,,,,,,,,,,,,,,,,,,,,,,,,,,,,
"Brimbank Central Shopping Centre shop 81t, 28-72 Neale Rd, Deer Park VIC 3023, Australia",192368,Brimbank Shopping Centre,-37.751827,144.775257,403751,48,7,706550,,0,,,,,,,,,,,,,,,,,,,,,,,,,,,,,,,,,,,,,,,7,706551,,0,,,,,,,,,,,,,,,,,,,,,,,,,,,,,,,,,,,,,,,,,,,,,,,,,,,,,,,,,,,,,,,,,,,,,,,,,,,,,,,,,,,,,,,,,,,,,,,,,,,,,,,,,,,,,,,,,,,,,,,,,,,,,,,,,,,,,,,,,,,,,,,,,,,,,,,,,,,,,,,,,,,,,,,,,
"75 Evans Rd, Cranbourne West VIC 3977, Australia",364035,Cranbourne West Community Hub (Coming Soon),-38.106929,145.250522,870132,48,7,2402085,,0,,,,,,,,,,,,,,,,,,,,,,,,,,,,,,,,,,,,,,,7,2402505,,0,,,,,,,,,,,,,,,,,,,,,,,,,,,,,,,,,,,,,,,,,,,,,,,,,,,,,,,,,,,,,,,,,,,,,,,,,,,,,,,,,,,,,,,,,,,,,,,,,,,,,,,,,,,,,,,,,,,,,,,,,,,,,,,,,,,,,,,,,,,,,,,,,,,,,,,,,,,,,,,,,,,,,,,,,
"10 Research Way, Clayton VIC 3168, Australia",169048,Monash University Clayton - Car Park N1,-37.908137,145.131936,342419,48,7,627064,22,0,,541973,48,13,1470464,50,0,,,,,,,,,,,,,,,,,,,,,,,,,,,,,,,,7,627065,22,0,,3,1470465,50,0,,,,,,,,,,,,,,,,,,,,,,,,,,,,,,,,,,,,,,,,,,,,,,,,,,,,,,,,,,,,,,,,,,,,,,,,,,,,,,,,,,,,,,,,,,,,,,,,,,,,,,,,,,,,,,,,,,,,,,,,,,,,,,,,,,,,,,,,,,,,,,,,,,,,,,,,,,,,,,,,,,,,
"Oak Park Reserve, 563 Pascoe Vale Rd, Oak Park VIC 3046, Australia",181433,Oak Park Sports & Aquatic Centre,-37.723715,144.920974,375055,48,7,669273,,0,,375057,48,2,669700,,0,,,,,,,,,,,,,,,,,,,,,,,,,,,,,,,,7,669274,,0,,,,,,,,,,,,,,,,,,,,,,,,,,,,,,,,,,,,,,,,,,,,,,,,,,,,,,,,,,,,,,,,,,,,,,,,,,,,,,,,,,,,,,,,,,,,,,,,,,,,,,,,,,,,,,,,,,,,,,,,,,,,,,,,,,,,,,,,,,,,,,,,,,,,,,,,,,,,,,,,,,,,,,,,,
"2-34 Erskine Rd, Macleod VIC 3085, Australia",407305,Baptcare Strathalan,-37.728819,145.077998,981831,,7,2575725,,0,,981832,,7,2575726,,0,,,,,,,,,,,,,,,,,,,,,,,,,,,,,,,,,,,,,,,,,,,,,,,,,,,,,,,,,,,,,,,,,,,,,,,,,,,,,,,,,,,,,,,,,,,,,,,,,,,,,,,,,,,,,,,,,,,,,,,,,,,,,,,,,,,,,,,,,,,,,,,,,,,,,,,,,,,,,,,,,,,,,,,,,,,,,,,,,,,,,,,,,,,,,,,,,,,,,,,,,,,,
"31 Kensington Rd, Leopold VIC 3224",169913,Leopold Library,-38.186249,144.46436,344712,48,7,630026,,0,,,,,,,,,,,,,,,,,,,,,,,,,,,,,,,,,,,,,,,,,,,,,,,,,,,,,,,,,,,,,,,,,,,,,,,,,,,,,,,,,,,,,,,,,,,,,,,,,,,,,,,,,,,,,,,,,,,,,,,,,,,,,,,,,,,,,,,,,,,,,,,,,,,,,,,,,,,,,,,,,,,,,,,,,,,,,,,,,,,,,,,,,,,,,,,,,,,,,,,,,,,,,,,,,,,
"90 Bell St, Coburg VIC 3058, Australia",19828,Coburg Town Hall / Moreland City,-37.74111,144.970149,342362,48,7,626975,,0,,998741,48,13,2602775,50,0,,,,,,,,,,,,,,,,,,,,,,,,,,,,,,,,,,,,,3,2602776,50,0,,,,,,,,,,,,,,,,,,,,,,,,,,,,,,,,,,,,,,,,,,,,,,,,,,,,,,,,,,,,,,,,,,,,,,,,,,,,,,,,,,,,,,,,,,,,,,,,,,,,,,,,,,,,,,,,,,,,,,,,,,,,,,,,,,,,,,,,,,,,,,,,,,,,,,,,,,,,,,,,,,,,
"306 Jetty Rd, Rosebud VIC 3939, Australia",139157,Amberlee Holiday Homes & Accommodation,-38.380923,144.912544,259885,35,6,524969,22,0,,259886,35,6,524970,22,0,,990350,57,7,2589749,,0,,,,,,,,,,,,,,,,,,,,,,,,,,,,,,,,,,,,,,,,,,,,,,,,,,,,,,,,,,,,,,,,,,,,,,,,,,,,,,,,,,,,,,,,,,,,,,,,,,,,,,,,,,,,,,,,,,,,,,,,,,,,,,,,,,,,,,,,,,,,,,,,,,,,,,,,,,,,,,,,,,,,,,,,,,,,,,,,,,,,,,,,,,,,,,,,,,,,,
"Units 5 & 6, 8 Lewalan St, Grovedale VIC 3216, Australia",362084,RACV Solar,-38.197552,144.344603,864965,48,7,2394933,22,0,,,,,,,,,,,,,,,,,,,,,,,,,,,,,,,,,,,,,,,,,,,,,,,,,,,,,,,,,,,,,,,,,,,,,,,,,,,,,,,,,,,,,,,,,,,,,,,,,,,,,,,,,,,,,,,,,,,,,,,,,,,,,,,,,,,,,,,,,,,,,,,,,,,,,,,,,,,,,,,,,,,,,,,,,,,,,,,,,,,,,,,,,,,,,,,,,,,,,,,,,,,,,,,,,,,
"2161 Frankston - Flinders Rd, Hastings VIC 3915, Australia",372625,Solargain Hastings,-38.314125,145.184157,895956,,7,2436335,,0,,895957,,7,2436336,,0,,,,,,,,,,,,,,,,,,,,,,,,,,,,,,,,,,,,,,,,,,,,,,,,,,,,,,,,,,,,,,,,,,,,,,,,,,,,,,,,,,,,,,,,,,,,,,,,,,,,,,,,,,,,,,,,,,,,,,,,,,,,,,,,,,,,,,,,,,,,,,,,,,,,,,,,,,,,,,,,,,,,,,,,,,,,,,,,,,,,,,,,,,,,,,,,,,,,,,,,,,,,
"70 Middleborough Road, Burwood East VIC 3151, Australia",217676,Burwood Brickworks,-37.848953,145.133898,473638,48,7,1069637,,0,,517036,48,7,1297611,,0,,,,,,,,,,,,,,,,,,,,,,,,,,,,,,,,7,1297609,,0,,7,1297612,,0,,,,,,,,,,,,,,,,,,,,,,,,,,,,,,,,,,,,,,,,,,,,,,,,,,,,,,,,,,,,,,,,,,,,,,,,,,,,,,,,,,,,,,,,,,,,,,,,,,,,,,,,,,,,,,,,,,,,,,,,,,,,,,,,,,,,,,,,,,,,,,,,,,,,,,,,,,,,,,,,,,,,
"27 Gap Rd, Sunbury VIC 3429, Australia",336251,Hungry Jack’s Sunbury,-37.580985,144.724278,792943,,7,2289807,,0,,792944,,7,2289808,,0,,,,,,,,,,,,,,,,,,,,,,,,,,,,,,,,,,,,,,,,,,,,,,,,,,,,,,,,,,,,,,,,,,,,,,,,,,,,,,,,,,,,,,,,,,,,,,,,,,,,,,,,,,,,,,,,,,,,,,,,,,,,,,,,,,,,,,,,,,,,,,,,,,,,,,,,,,,,,,,,,,,,,,,,,,,,,,,,,,,,,,,,,,,,,,,,,,,,,,,,,,,,
"2/209 Hyde St, Yarraville VIC 3013",143792,AAkonsult,-37.818982,144.896722,273204,,6,595412,,0,,,,,,,,,,,,,,,,,,,,,,,,,,,,,,,,,,,,,,,,,,,,,,,,,,,,,,,,,,,,,,,,,,,,,,,,,,,,,,,,,,,,,,,,,,,,,,,,,,,,,,,,,,,,,,,,,,,,,,,,,,,,,,,,,,,,,,,,,,,,,,,,,,,,,,,,,,,,,,,,,,,,,,,,,,,,,,,,,,,,,,,,,,,,,,,,,,,,,,,,,,,,,,,,,,,
"38 Dalmore Dr, Scoresby VIC 3179, Australia",413451,Hyatt Place Caribbean Park (Coming Soon),-37.915767,145.216905,998485,1371,7,2602436,,0,,998486,1371,7,2602437,,0,,998487,1371,13,2602438,,0,,,,,,,,,,,,,,,,,,,,,,,,,,,,,,,,,,,,,,,,,,,,,,,,,,,,,,,,,,,,,,,,,,,,,,,,,,,,,,,,,,,,,,,,,,,,,,,,,,,,,,,,,,,,,,,,,,,,,,,,,,,,,,,,,,,,,,,,,,,,,,,,,,,,,,,,,,,,,,,,,,,,,,,,,,,,,,,,,,,,,,,,,,,,,,,,,,,,,
"83 Leakes Rd, Tarneit VIC 3029, Australia",345885,Tarneit Park Hub (BYO Type 2),-37.833989,144.69899,821223,,7,2326347,,0,,,,,,,,,,,,,,,,,,,,,,,,,,,,,,,,,,,,,,,,,,,,,,,,,,,,,,,,,,,,,,,,,,,,,,,,,,,,,,,,,,,,,,,,,,,,,,,,,,,,,,,,,,,,,,,,,,,,,,,,,,,,,,,,,,,,,,,,,,,,,,,,,,,,,,,,,,,,,,,,,,,,,,,,,,,,,,,,,,,,,,,,,,,,,,,,,,,,,,,,,,,,,,,,,,,
"K10, Malvern Central Shopping Centre, 110-122 Wattletree Rd, Armadale VIC 3143, Australia",410912,Malvern Central (Coming Soon),-37.862909,145.027303,991576,,13,2591633,,0,,,,,,,,,,,,,,,,,,,,,,,,,,,,,,,,,,,,,,,,,,,,,,,,,,,,,,,,,,,,,,,,,,,,,,,,,,,,,,,,,,,,,,,,,,,,,,,,,,,,,,,,,,,,,,,,,,,,,,,,,,,,,,,,,,,,,,,,,,,,,,,,,,,,,,,,,,,,,,,,,,,,,,,,,,,,,,,,,,,,,,,,,,,,,,,,,,,,,,,,,,,,,,,,,,,
"28-34 Westminster Street, Oakleigh‎ VIC‎ 3166, Australia",123725,BM Autowerks,-37.90326,145.095351,219901,57,2,465564,7.6,0,,,,,,,,,,,,,,,,,,,,,,,,,,,,,,,,,,,,,,,,,,,,,,,,,,,,,,,,,,,,,,,,,,,,,,,,,,,,,,,,,,,,,,,,,,,,,,,,,,,,,,,,,,,,,,,,,,,,,,,,,,,,,,,,,,,,,,,,,,,,,,,,,,,,,,,,,,,,,,,,,,,,,,,,,,,,,,,,,,,,,,,,,,,,,,,,,,,,,,,,,,,,,,,,,,,
"2128 Phillip Island Road, Cowes, VIC, Australia, VIC 3922",252772,Ramada Resort by Wyndham Phillip Island,-38.471698,145.242237,554320,35,6,1527185,5,0,,554321,35,6,1527186,5,0,,,,,,,,,,,,,,,,,,,,,,,,,,,,,,,,,,,,,,,,,,,,,,,,,,,,,,,,,,,,,,,,,,,,,,,,,,,,,,,,,,,,,,,,,,,,,,,,,,,,,,,,,,,,,,,,,,,,,,,,,,,,,,,,,,,,,,,,,,,,,,,,,,,,,,,,,,,,,,,,,,,,,,,,,,,,,,,,,,,,,,,,,,,,,,,,,,,,,,,,,,,,
"83 Thompson Ave, Cowes VIC 3922, Australia",211505,Cowes Transit Centre,-38.451339,145.240243,550300,57,2,1512111,,0,,516136,35,6,1293936,7,0,,516137,35,6,1293937,7,0,,,,,,,,,,,,,,,,,,,,,,,,,7,2373322,,0,,,,,,,,,,,,,,,,,,,,,,,,,,,,,,,,,,,,,,,,,,,,,,,,,,,,,,,,,,,,,,,,,,,,,,,,,,,,,,,,,,,,,,,,,,,,,,,,,,,,,,,,,,,,,,,,,,,,,,,,,,,,,,,,,,,,,,,,,,,,,,,,,,,,,,,,,,,,,,,,,,,,,,,,,
"3 John St, Box Hill VIC 3128, Australia",216605,Harrow Street Car Park,-37.821964,145.124448,471045,48,7,1044290,,0,,471046,48,7,1044291,,0,,471047,48,7,1044292,,0,,,,,,,,,,,,,,,,,,,,,,,,,,,,,,7,2239522,,0,UNKNOWN,,,,,,7,2239523,,0,UNKNOWN,,,,,,,,,,,,,,,,,,,,,,,,,,,,,,,,,,,,,,,,,,,,,,,,,,,,,,,,,,,,,,,,,,,,,,,,,,,,,,,,,,,,,,,,,,,,,,,,,,,,,,,,,,,,,,,,,,,,,,,,,,,,,,,,,,,,,,,,,,,,,,,,,,,,,,,,,
"Browns Road, Noble Park North‎ VIC‎ 3174, Australia",86933,RACV Head Office (Service Centre Car Park),-37.952893,145.180067,132915,48,7,1442336,,0,,534105,48,7,1442339,,0,,,,,,,,,,,,,,,,,,,,,,,,,,,,,,,,,,,,,,,,,,,,,,,,,,,,,,,,,,,,,,,,,,,,,,,,,,,,,,,,,,,,,,,,,,,,,,,,,,,,,,,,,,,,,,,,,,,,,,,,,,,,,,,,,,,,,,,,,,,,,,,,,,,,,,,,,,,,,,,,,,,,,,,,,,,,,,,,,,,,,,,,,,,,,,,,,,,,,,,,,,,,
"Gate 2, 300 Tucks Rd, Shoreham, VIC, Australia, VIC 3916",249089,Hart's Farm,-38.4092,145.0067,544777,35,6,1486560,2,0,,,,,,,,,,,,,,,,,,,,,,,,,,,,,,,,,,,,,,,,,,,,,,,,,,,,,,,,,,,,,,,,,,,,,,,,,,,,,,,,,,,,,,,,,,,,,,,,,,,,,,,,,,,,,,,,,,,,,,,,,,,,,,,,,,,,,,,,,,,,,,,,,,,,,,,,,,,,,,,,,,,,,,,,,,,,,,,,,,,,,,,,,,,,,,,,,,,,,,,,,,,,,,,,,,,
"274 Gower Street, Preston VIC 3072, Australia",197847,Darebin Civic Centre Precinct,-37.740102,145.005114,517035,48,7,1297607,,0,,,,,,,,,,,,,,,,,,,,,,,,,,,,,,,,,,,,,,,7,1297608,,0,,,,,,,,,,,,,,,,,,,,,,,,,,,,,,,,,,,,,,,,,,,,,,,,,,,,,,,,,,,,,,,,,,,,,,,,,,,,,,,,,,,,,,,,,,,,,,,,,,,,,,,,,,,,,,,,,,,,,,,,,,,,,,,,,,,,,,,,,,,,,,,,,,,,,,,,,,,,,,,,,,,,,,,,,
"205 Browns Rd, Boneo VIC 3939, Australia",356089,Nepean Country Club And & Day Spa,-38.398895,144.870509,848917,,2,2372336,,0,,849401,,12,2372951,,0,,849402,,14,2372952,,0,,,,,,,,,,,,,,,,,,,,,,,,,,,,,,,,,,,,,,,,,,,,,,,,,,,,,,,,,,,,,,,,,,,,,,,,,,,,,,,,,,,,,,,,,,,,,,,,,,,,,,,,,,,,,,,,,,,,,,,,,,,,,,,,,,,,,,,,,,,,,,,,,,,,,,,,,,,,,,,,,,,,,,,,,,,,,,,,,,,,,,,,,,,,,,,,,,,,,
"23-25 Bunney Road, Oakleigh South VIC 3167, Australia",167207,Oakleigh South,-37.932688,145.097119,337061,57,7,620373,7,0,,,,,,,,,,,,,,,,,,,,,,,,,,,,,,,,,,,,,,,,,,,,,,,,,,,,,,,,,,,,,,,,,,,,,,,,,,,,,,,,,,,,,,,,,,,,,,,,,,,,,,,,,,,,,,,,,,,,,,,,,,,,,,,,,,,,,,,,,,,,,,,,,,,,,,,,,,,,,,,,,,,,,,,,,,,,,,,,,,,,,,,,,,,,,,,,,,,,,,,,,,,,,,,,,,,
"317 Burwood Hwy, Burwood East VIC 3151, Australia",320005,Quest Burwood East,-37.853643,145.162436,747610,,12,2230170,,0,UNKNOWN,,,,,,,,,,,,,,,,,,,,,,,,,,,,,,,,,,,,,,,,,,,,,,,,,,,,,,,,,,,,,,,,,,,,,,,,,,,,,,,,,,,,,,,,,,,,,,,,,,,,,,,,,,,,,,,,,,,,,,,,,,,,,,,,,,,,,,,,,,,,,,,,,,,,,,,,,,,,,,,,,,,,,,,,,,,,,,,,,,,,,,,,,,,,,,,,,,,,,,,,,,,,,,,,,,
"270 Canterbury Rd, Forest Hill VIC 3131, Australia",176540,Forest Hill Chase Shopping Centre,-37.835382,145.163537,362180,48,7,652305,,0,,,,,,,,,,,,,,,,,,,,,,,,,,,,,,,,,,,,,,,7,652306,,0,,,,,,,,,,,,,,,,,,,,,,,,,,,,,,,,,,,,,,,,,,,,,,,,,,,,,,,,,,,,,,,,,,,,,,,,,,,,,,,,,,,,,,,,,,,,,,,,,,,,,,,,,,,,,,,,,,,,,,,,,,,,,,,,,,,,,,,,,,,,,,,,,,,,,,,,,,,,,,,,,,,,,,,,,
99 Jukes Road Fawkner VIC 3060 AU,244331,CB Smith Reserve,-37.702614,144.969502,529928,48,3,1419625,25,0,,,,,,,,,,,,,,,,,,,,,,,,,,,,,,,,,,,,,,,13,1419624,25,0,,,,,,,,,,,,,,,,,,,,,,,,,,,,,,,,,,,,,,,,,,,,,,,,,,,,,,,,,,,,,,,,,,,,,,,,,,,,,,,,,,,,,,,,,,,,,,,,,,,,,,,,,,,,,,,,,,,,,,,,,,,,,,,,,,,,,,,,,,,,,,,,,,,,,,,,,,,,,,,,,,,,,,,,,
"11 Boundary Rd, Coburg North VIC 3058, Australia",208502,Coburg North EV Fast Charge (Currently Out of Order),-37.718952,144.961498,722044,48,13,2166035,50,0,,,,,,,,,,,,,,,,,,,,,,,,,,,,,,,,,,,,,,,3,2166036,50,0,,,,,,,,,,,,,,,,,,,,,,,,,,,,,,,,,,,,,,,,,,,,,,,,,,,,,,,,,,,,,,,,,,,,,,,,,,,,,,,,,,,,,,,,,,,,,,,,,,,,,,,,,,,,,,,,,,,,,,,,,,,,,,,,,,,,,,,,,,,,,,,,,,,,,,,,,,,,,,,,,,,,,,,,,
"11 Dalkeith Drive, Dromana VIC 3936, Australia",239475,Energy Smart Water,-38.334999,144.98653,519140,57,2,1306786,,0,,,,,,,,,,,,,,,,,,,,,,,,,,,,,,,,,,,,,,,,,,,,,,,,,,,,,,,,,,,,,,,,,,,,,,,,,,,,,,,,,,,,,,,,,,,,,,,,,,,,,,,,,,,,,,,,,,,,,,,,,,,,,,,,,,,,,,,,,,,,,,,,,,,,,,,,,,,,,,,,,,,,,,,,,,,,,,,,,,,,,,,,,,,,,,,,,,,,,,,,,,,,,,,,,,,
"106 Marine Drive, Safety Beach VIC 3936, Australia",155603,hacyclon caravan park ,-38.317144,144.988947,300492,,12,572968,,0,,,,,,,,,,,,,,,,,,,,,,,,,,,,,,,,,,,,,,,,,,,,,,,,,,,,,,,,,,,,,,,,,,,,,,,,,,,,,,,,,,,,,,,,,,,,,,,,,,,,,,,,,,,,,,,,,,,,,,,,,,,,,,,,,,,,,,,,,,,,,,,,,,,,,,,,,,,,,,,,,,,,,,,,,,,,,,,,,,,,,,,,,,,,,,,,,,,,,,,,,,,,,,,,,,,
"235 Springvale Road, Glen Waverley VIC 3150, Australia",130879,The Glen,-37.875269,145.16523,237815,,7,2600543,,0,,997066,,7,2600544,,0,,,,,,,,,,,,,,,,,,,,,,,,,,,,,,,,,,,,,,,,,,,,,,,,,,,,,,,,,,,,,,,,,,,,,,,,,,,,,,,,,,,,,,,,,,,,,,,,,,,,,,,,,,,,,,,,,,,,,,,,,,,,,,,,,,,,,,,,,,,,,,,,,,,,,,,,,,,,,,,,,,,,,,,,,,,,,,,,,,,,,,,,,,,,,,,,,,,,,,,,,,,,
"88 Craigie Rd, Mount Martha VIC 3934, Australia",290012,Donato Cafe,-38.256559,145.037439,634653,35,6,1945051,5,0,,634654,35,6,1945052,5,0,,,,,,,,,,,,,,,,,,,,,,,,,,,,,,,,,,,,,,,,,,,,,,,,,,,,,,,,,,,,,,,,,,,,,,,,,,,,,,,,,,,,,,,,,,,,,,,,,,,,,,,,,,,,,,,,,,,,,,,,,,,,,,,,,,,,,,,,,,,,,,,,,,,,,,,,,,,,,,,,,,,,,,,,,,,,,,,,,,,,,,,,,,,,,,,,,,,,,,,,,,,,
"4/100 Barwon Terrace, South Geelong VIC 3220, Australia",359472,Bru4U Geelong,-38.172122,144.367288,857939,,7,2384701,,0,,,,,,,,,,,,,,,,,,,,,,,,,,,,,,,,,,,,,,,,,,,,,,,,,,,,,,,,,,,,,,,,,,,,,,,,,,,,,,,,,,,,,,,,,,,,,,,,,,,,,,,,,,,,,,,,,,,,,,,,,,,,,,,,,,,,,,,,,,,,,,,,,,,,,,,,,,,,,,,,,,,,,,,,,,,,,,,,,,,,,,,,,,,,,,,,,,,,,,,,,,,,,,,,,,,
"72 Altona Street, Kensington VIC 3031",343713,Park Rises Residences,-37.797009,144.926387,813324,,7,2316442,,0,,813325,,7,2316443,,0,,,,,,,,,,,,,,,,,,,,,,,,,,,,,,,,,,,,,,,,,,,,,,,,,,,,,,,,,,,,,,,,,,,,,,,,,,,,,,,,,,,,,,,,,,,,,,,,,,,,,,,,,,,,,,,,,,,,,,,,,,,,,,,,,,,,,,,,,,,,,,,,,,,,,,,,,,,,,,,,,,,,,,,,,,,,,,,,,,,,,,,,,,,,,,,,,,,,,,,,,,,,
"1 Elstone Ct, Niddrie VIC 3042, Australia",137774,Paint Spot Niddrie,-37.735219,144.887807,256023,,14,520319,,0,,,,,,,,,,,,,,,,,,,,,,,,,,,,,,,,,,,,,,,,,,,,,,,,,,,,,,,,,,,,,,,,,,,,,,,,,,,,,,,,,,,,,,,,,,,,,,,,,,,,,,,,,,,,,,,,,,,,,,,,,,,,,,,,,,,,,,,,,,,,,,,,,,,,,,,,,,,,,,,,,,,,,,,,,,,,,,,,,,,,,,,,,,,,,,,,,,,,,,,,,,,,,,,,,,,
"4 mace Wy, Melbourne Airport VIC 3045, Australia",382850,(No Longer In Use) DHL Melbourne Gateway,-37.684086,144.863519,920284,,7,2476634,,0,,,,,,,,,,,,,,,,,,,,,,,,,,,,,,,,,,,,,,,,,,,,,,,,,,,,,,,,,,,,,,,,,,,,,,,,,,,,,,,,,,,,,,,,,,,,,,,,,,,,,,,,,,,,,,,,,,,,,,,,,,,,,,,,,,,,,,,,,,,,,,,,,,,,,,,,,,,,,,,,,,,,,,,,,,,,,,,,,,,,,,,,,,,,,,,,,,,,,,,,,,,,,,,,,,,
"28 Beach St, Frankston VIC 3199, Australia",424863,Bayside Entertainment Centre,-38.140408,145.125184,1027945,,7,2650170,7,0,,1027946,,7,2650171,7,0,,,,,,,,,,,,,,,,,,,,,,,,,,,,,,,,,,,,,,,,,,,,,,,,,,,,,,,,,,,,,,,,,,,,,,,,,,,,,,,,,,,,,,,,,,,,,,,,,,,,,,,,,,,,,,,,,,,,,,,,,,,,,,,,,,,,,,,,,,,,,,,,,,,,,,,,,,,,,,,,,,,,,,,,,,,,,,,,,,,,,,,,,,,,,,,,,,,,,,,,,,,,
"44 Civic Dr, Greensborough VIC 3088, Australia",332187,Diamond Valley Sports and Fitness Centre,-37.689194,145.110764,782025,,7,2275760,,0,,,,,,,,,,,,,,,,,,,,,,,,,,,,,,,,,,,,,,,7,2275761,,0,,,,,,,,,,,,,,,,,,,,,,,,,,,,,,,,,,,,,,,,,,,,,,,,,,,,,,,,,,,,,,,,,,,,,,,,,,,,,,,,,,,,,,,,,,,,,,,,,,,,,,,,,,,,,,,,,,,,,,,,,,,,,,,,,,,,,,,,,,,,,,,,,,,,,,,,,,,,,,,,,,,,,,,,,
"565-577 Springvale Rd, Mulgrave VIC 3170, Australia",217169,Waverley Nissan,-37.906157,145.159718,472170,48,7,1056775,,0,,472172,48,7,1056782,,0,,,,,,,,,,,,,,,,,,,,,,,,,,,,,,,,,,,,,,,,,,,,,,,,,,,,,,,,,,,,,,,,,,,,,,,,,,,,,,,,,,,,,,,,,,,,,,,,,,,,,,,,,,,,,,,,,,,,,,,,,,,,,,,,,,,,,,,,,,,,,,,,,,,,,,,,,,,,,,,,,,,,,,,,,,,,,,,,,,,,,,,,,,,,,,,,,,,,,,,,,,,,
"325A Bay Road, Cheltenham VIC 3192",142208,Grow Energy,-37.955662,145.038605,378701,,7,674034,,0,,378702,,7,674035,,0,,378703,,7,674036,,0,,378704,,7,674037,,0,,,,,,,,,,,,,,,,,,,,,,,,,,,,,,,,,,,,,,,,,,,,,,,,,,,,,,,,,,,,,,,,,,,,,,,,,,,,,,,,,,,,,,,,,,,,,,,,,,,,,,,,,,,,,,,,,,,,,,,,,,,,,,,,,,,,,,,,,,,,,,,,,,,,,,,,,,,,,,,,,,,,,,,,,,,,,,,,,,,,,,,,,,,,,,
"182 Kidds Rd, Doveton VIC 3177, Australia",321773,Myuna Farm,-37.985484,145.232704,752709,,7,2236780,,0,UNKNOWN,,,,,,,,,,,,,,,,,,,,,,,,,,,,,,,,,,,,,,7,2236781,,0,UNKNOWN,,,,,,,,,,,,,,,,,,,,,,,,,,,,,,,,,,,,,,,,,,,,,,,,,,,,,,,,,,,,,,,,,,,,,,,,,,,,,,,,,,,,,,,,,,,,,,,,,,,,,,,,,,,,,,,,,,,,,,,,,,,,,,,,,,,,,,,,,,,,,,,,,,,,,,,,,,,,,,,,,,,,,,,,
"14 Capital Ct, Braeside VIC 3195, Australia",209991,Lockelec Rolling Stock,-37.995328,145.109648,449976,,6,885649,,0,,,,,,,,,,,,,,,,,,,,,,,,,,,,,,,,,,,,,,,,,,,,,,,,,,,,,,,,,,,,,,,,,,,,,,,,,,,,,,,,,,,,,,,,,,,,,,,,,,,,,,,,,,,,,,,,,,,,,,,,,,,,,,,,,,,,,,,,,,,,,,,,,,,,,,,,,,,,,,,,,,,,,,,,,,,,,,,,,,,,,,,,,,,,,,,,,,,,,,,,,,,,,,,,,,,
"45 Canterbury Rd Braeside VIC 3195, Australia",55102,Kelly Racing,-38.010174,145.110226,74690,1,2,160810,,0,,,,,,,,,,,,,,,,,,,,,,,,,,,,,,,,,,,,,,,,,,,,,,,,,,,,,,,,,,,,,,,,,,,,,,,,,,,,,,,,,,,,,,,,,,,,,,,,,,,,,,,,,,,,,,,,,,,,,,,,,,,,,,,,,,,,,,,,,,,,,,,,,,,,,,,,,,,,,,,,,,,,,,,,,,,,,,,,,,,,,,,,,,,,,,,,,,,,,,,,,,,,,,,,,,,
"61 Napier St, Footscray VIC 3011, Australia",453833,"Footscray town hall, Maribyrnong city council",-37.804868,144.900362,1095827,,7,2757993,,0,,1095828,,7,2757994,,0,,,,,,,,,,,,,,,,,,,,,,,,,,,,,,,,,,,,,,,,,,,,,,,,,,,,,,,,,,,,,,,,,,,,,,,,,,,,,,,,,,,,,,,,,,,,,,,,,,,,,,,,,,,,,,,,,,,,,,,,,,,,,,,,,,,,,,,,,,,,,,,,,,,,,,,,,,,,,,,,,,,,,,,,,,,,,,,,,,,,,,,,,,,,,,,,,,,,,,,,,,,,
"45 Linden Ave, Ivanhoe VIC 3079, Australia, Ivanhoe 3079",334952,Ivanhoe Gardens (Coming Soon),-37.754954,145.054043,863840,70,7,2393320,22,0,AVAILABLE,789075,70,7,2285005,22,0,UNKNOWN,863839,70,7,2393319,22,0,UNKNOWN,,,,,,,,,,,,,,,,,,,,,,,,,,,,,,,,,,,,,,,,,,,,,,,,,,,,,,,,,,,,,,,,,,,,,,,,,,,,,,,,,,,,,,,,,,,,,,,,,,,,,,,,,,,,,,,,,,,,,,,,,,,,,,,,,,,,,,,,,,,,,,,,,,,,,,,,,,,,,,,,,,,,,,,,,,,,,,,,,,,,,,,,,,,,,,,,,,,,
"455 Ballan Rd, Manor Lakes VIC 3024, Australia",267289,Manor Lakes Central Shopping Centre,-37.875049,144.612648,587516,,7,1623585,,0,,587517,,7,1623586,,0,,,,,,,,,,,,,,,,,,,,,,,,,,,,,,,,,,,,,,,,,,,,,,,,,,,,,,,,,,,,,,,,,,,,,,,,,,,,,,,,,,,,,,,,,,,,,,,,,,,,,,,,,,,,,,,,,,,,,,,,,,,,,,,,,,,,,,,,,,,,,,,,,,,,,,,,,,,,,,,,,,,,,,,,,,,,,,,,,,,,,,,,,,,,,,,,,,,,,,,,,,,,
"Wunggurrwil Dhurrung Centre 19 Communal Road, Wyndham Vale VIC 3024, Australia",307270,Wunggurrwil Dhurrung Centre,-37.876378,144.62706,713485,48,7,2146097,,0,,,,,,,,,,,,,,,,,,,,,,,,,,,,,,,,,,,,,,,,,,,,,,,,,,,,,,,,,,,,,,,,,,,,,,,,,,,,,,,,,,,,,,,,,,,,,,,,,,,,,,,,,,,,,,,,,,,,,,,,,,,,,,,,,,,,,,,,,,,,,,,,,,,,,,,,,,,,,,,,,,,,,,,,,,,,,,,,,,,,,,,,,,,,,,,,,,,,,,,,,,,,,,,,,,,
"Derrimut Rd & Heaths Rd, Werribee, VIC, Australia, VIC 3030",113887,Pacific Werribee Shopping Centre,-37.875247,144.679638,195522,35,6,426740,22,0,,195523,35,6,426741,22,0,,,,,,,,,,,,,,,,,,,,,,,,,,,,,,,,,,,,,,,,,,,,,,,,,,,,,,,,,,,,,,,,,,,,,,,,,,,,,,,,,,,,,,,,,,,,,,,,,,,,,,,,,,,,,,,,,,,,,,,,,,,,,,,,,,,,,,,,,,,,,,,,,,,,,,,,,,,,,,,,,,,,,,,,,,,,,,,,,,,,,,,,,,,,,,,,,,,,,,,,,,,,
"181 Reynolds Rd, Doncaster East VIC 3109, Australia",131278,The Pines Shopping Centre,-37.762252,145.16823,274539,1,2,542965,6.6,0,,239013,35,6,495601,22,0,,239014,35,6,495602,22,0,,,,,,,,,,,,,,,,,,,,,,,,,2,652308,6.6,0,,,,,,,,,,,,,,,,,,,,,,,,,,,,,,,,,,,,,,,,,,,,,,,,,,,,,,,,,,,,,,,,,,,,,,,,,,,,,,,,,,,,,,,,,,,,,,,,,,,,,,,,,,,,,,,,,,,,,,,,,,,,,,,,,,,,,,,,,,,,,,,,,,,,,,,,,,,,,,,,,,,,,,,,,
"Dandenong‎ VIC‎ 3175, Australia",122829,Dandenong Agricultural and Pastoral Society,-37.983731,145.196402,217458,,12,461739,,0,,,,,,,,,,,,,,,,,,,,,,,,,,,,,,,,,,,,,,,,,,,,,,,,,,,,,,,,,,,,,,,,,,,,,,,,,,,,,,,,,,,,,,,,,,,,,,,,,,,,,,,,,,,,,,,,,,,,,,,,,,,,,,,,,,,,,,,,,,,,,,,,,,,,,,,,,,,,,,,,,,,,,,,,,,,,,,,,,,,,,,,,,,,,,,,,,,,,,,,,,,,,,,,,,,,
"980 Point Nepean Road, Rosebud VIC 3939, Australia",171291,Rosebud Beach,-38.355584,144.901769,348441,,12,634917,,0,,348442,,12,634918,,0,,348443,,12,634919,,0,,,,,,,,,,,,,,,,,,,,,,,,,,,,,,,,,,,,,,,,,,,,,,,,,,,,,,,,,,,,,,,,,,,,,,,,,,,,,,,,,,,,,,,,,,,,,,,,,,,,,,,,,,,,,,,,,,,,,,,,,,,,,,,,,,,,,,,,,,,,,,,,,,,,,,,,,,,,,,,,,,,,,,,,,,,,,,,,,,,,,,,,,,,,,,,,,,,,,
"65 Peter Thomson Dr, Fingal VIC 3939, Australia",166640,Moonah Links,-38.406624,144.853314,335380,,12,618153,,0,,,,,,,,,,,,,,,,,,,,,,,,,,,,,,,,,,,,,,,,,,,,,,,,,,,,,,,,,,,,,,,,,,,,,,,,,,,,,,,,,,,,,,,,,,,,,,,,,,,,,,,,,,,,,,,,,,,,,,,,,,,,,,,,,,,,,,,,,,,,,,,,,,,,,,,,,,,,,,,,,,,,,,,,,,,,,,,,,,,,,,,,,,,,,,,,,,,,,,,,,,,,,,,,,,,
"Devon Street, Croydon, Victoria",353550,Croydon Train Station Multi Level Car Park,-37.796959,145.280091,842299,,7,2363561,7,0,,842300,,7,2363563,7,0,,842312,,7,2363583,7,0,,,,,,,,,,,,,,,,,,,,,,,,,7,2363562,7,0,,7,2363565,7,0,,,,,,,7,2363584,7,0,,,,,,,,,,,,,,,,,,,,,,,,,,,,,,,,,,,,,,,,,,,,,,,,,,,,,,,,,,,,,,,,,,,,,,,,,,,,,,,,,,,,,,,,,,,,,,,,,,,,,,,,,,,,,,,,,,,,,,,,,,,,,,,,,,,,,,,,,,,,,,,,,,,,,,,,,,
"Rosamond Road, Maribyrnong VIC 3032, Australia",315645,Highpoint Shopping Centre - Basement Carpark,-37.772002,144.887869,736043,,12,2214737,,0,,,,,,,,,,,,,,,,,,,,,,,,,,,,,,,,,,,,,,,,,,,,,,,,,,,,,,,,,,,,,,,,,,,,,,,,,,,,,,,,,,,,,,,,,,,,,,,,,,,,,,,,,,,,,,,,,,,,,,,,,,,,,,,,,,,,,,,,,,,,,,,,,,,,,,,,,,,,,,,,,,,,,,,,,,,,,,,,,,,,,,,,,,,,,,,,,,,,,,,,,,,,,,,,,,,
"39 Tullamarine Park Road, Tullamarine VIC 3043, Australia",162858,Vaclift,-37.709632,144.871383,325507,,6,606094,,0,,,,,,,,,,,,,,,,,,,,,,,,,,,,,,,,,,,,,,,,,,,,,,,,,,,,,,,,,,,,,,,,,,,,,,,,,,,,,,,,,,,,,,,,,,,,,,,,,,,,,,,,,,,,,,,,,,,,,,,,,,,,,,,,,,,,,,,,,,,,,,,,,,,,,,,,,,,,,,,,,,,,,,,,,,,,,,,,,,,,,,,,,,,,,,,,,,,,,,,,,,,,,,,,,,,
"6 Presnell Ct, Cape Schanck VIC 3939, Australia",102031,RACV Cape Schanck Resort,-38.461847,144.893721,171344,,12,392937,,0,,315992,35,6,594330,4,0,,826770,,7,2334222,,0,,826771,,7,2334223,,0,,826772,,7,2334224,,0,,826773,,7,2334225,,0,,,,,,,,,,,,,,,,,,,,,,,,,,,,,315991,35,6,594329,4,0,,,,,,,,,,,,,,,,,,,,,,,,,,,,,,,,,,,,,,,,,,,,,,,,,,,,,,,,,,,,,,,,,,,,,,,,,,,,,,,,,,,,,,,,,,,,,,,,,,,,,,,,,,,,,,,,,,,,,,,,,,,,,,,,,,,,,,,,,,,,,,
"Schnapper Point Dr, Mornington VIC 3931, Australia",311232,Schnapper Point Dr Parking/Charging,-38.215455,145.035453,724288,,14,2172943,,0,,,,,,,,,,,,,,,,,,,,,,,,,,,,,,,,,,,,,,,,,,,,,,,,,,,,,,,,,,,,,,,,,,,,,,,,,,,,,,,,,,,,,,,,,,,,,,,,,,,,,,,,,,,,,,,,,,,,,,,,,,,,,,,,,,,,,,,,,,,,,,,,,,,,,,,,,,,,,,,,,,,,,,,,,,,,,,,,,,,,,,,,,,,,,,,,,,,,,,,,,,,,,,,,,,,
"65 Watt Road, Mornington‎ VIC‎ 3931, Australia",109025,Priority One Trade Services,-38.231677,145.056367,183160,,7,408591,22,0,,,,,,,,,,,,,,,,,,,,,,,,,,,,,,,,,,,,,,,,,,,,,,,,,,,,,,,,,,,,,,,,,,,,,,,,,,,,,,,,,,,,,,,,,,,,,,,,,,,,,,,,,,,,,,,,,,,,,,,,,,,,,,,,,,,,,,,,,,,,,,,,,,,,,,,,,,,,,,,,,,,,,,,,,,,,,,,,,,,,,,,,,,,,,,,,,,,,,,,,,,,,,,,,,,,
"1130-1134 Nepean Highway, Mornington VIC 3931, Australia",198379,Peninsula Home Shopping Centre,-38.220693,145.061207,420169,57,7,730350,22,0,,420170,57,7,730352,22,0,,,,,,,,,,,,,,,,,,,,,,,,,,,,,,,,7,730349,22,0,,7,730351,22,0,,,,,,,,,,,,,,,,,,,,,,,,,,,,,,,,,,,,,,,,,,,,,,,,,,,,,,,,,,,,,,,,,,,,,,,,,,,,,,,,,,,,,,,,,,,,,,,,,,,,,,,,,,,,,,,,,,,,,,,,,,,,,,,,,,,,,,,,,,,,,,,,,,,,,,,,,,,,,,,,,,,,
"40 Cleeland St, Dandenong VIC 3175, Australia",97973,Dandenong Market - Southern Car Park (Coming Soon),-37.984494,145.216329,555719,,2,1532000,,0,,,,,,,,,,,,,,,,,,,,,,,,,,,,,,,,,,,,,,,,,,,,,,,,,,,,,,,,,,,,,,,,,,,,,,,,,,,,,,,,,,,,,,,,,,,,,,,,,,,,,,,,,,,,,,,,,,,,,,,,,,,,,,,,,,,,,,,,,,,,,,,,,,,,,,,,,,,,,,,,,,,,,,,,,,,,,,,,,,,,,,,,,,,,,,,,,,,,,,,,,,,,,,,,,,,
"20 Corporate Drive, Heatherton‎ VIC‎ 3202, Australia",109951,Ventia Head Office Carpark,-37.950648,145.080488,185649,1,2,473474,6.6,0,,,,,,,,,,,,,,,,,,,,,,,,,,,,,,,,,,,,,,,2,461798,6.6,0,,,,,,,,,,,,,,,,,,,,,,,,,,,,,,,,,,,,,,,,,,,,,,,,,,,,,,,,,,,,,,,,,,,,,,,,,,,,,,,,,,,,,,,,,,,,,,,,,,,,,,,,,,,,,,,,,,,,,,,,,,,,,,,,,,,,,,,,,,,,,,,,,,,,,,,,,,,,,,,,,,,,,,,,,
"236 E Boundary Rd, Bentleigh East VIC 3165, Australia",17071,North Drive Office Complex,-37.909599,145.062347,48337,1,2,85609,,0,,,,,,,,,,,,,,,,,,,,,,,,,,,,,,,,,,,,,,,,,,,,,,,,,,,,,,,,,,,,,,,,,,,,,,,,,,,,,,,,,,,,,,,,,,,,,,,,,,,,,,,,,,,,,,,,,,,,,,,,,,,,,,,,,,,,,,,,,,,,,,,,,,,,,,,,,,,,,,,,,,,,,,,,,,,,,,,,,,,,,,,,,,,,,,,,,,,,,,,,,,,,,,,,,,,
"1324 Sydney Rd, Fawkner VIC 3060, Australia",424898,Hume Villa Motor Inn,-37.696652,144.959707,1028032,,12,2650278,,0,,,,,,,,,,,,,,,,,,,,,,,,,,,,,,,,,,,,,,,,,,,,,,,,,,,,,,,,,,,,,,,,,,,,,,,,,,,,,,,,,,,,,,,,,,,,,,,,,,,,,,,,,,,,,,,,,,,,,,,,,,,,,,,,,,,,,,,,,,,,,,,,,,,,,,,,,,,,,,,,,,,,,,,,,,,,,,,,,,,,,,,,,,,,,,,,,,,,,,,,,,,,,,,,,,,
"1380 Point Nepean Rd, Rosebud VIC 3939, Australia",62969,Foreshore Camping,-38.359707,144.888748,87640,,12,1359623,,0,,,,,,,,,,,,,,,,,,,,,,,,,,,,,,,,,,,,,,,,,,,,,,,,,,,,,,,,,,,,,,,,,,,,,,,,,,,,,,,,,,,,,,,,,,,,,,,,,,,,,,,,,,,,,,,,,,,,,,,,,,,,,,,,,,,,,,,,,,,,,,,,,,,,,,,,,,,,,,,,,,,,,,,,,,,,,,,,,,,,,,,,,,,,,,,,,,,,,,,,,,,,,,,,,,,
"133 Nepean Hwy, Dromana VIC 3936, Australia",426521,Dromana Drive-in,-38.329727,144.996685,1032940,57,7,2657441,,0,,1032941,57,7,2657442,,0,,1032939,57,7,2657438,,0,,,,,,,,,,,,,,,,,,,,,,,,,7,2657440,,0,,7,2657443,,0,,,,,,,7,2657439,,0,,,,,,,,,,,,,,,,,,,,,,,,,,,,,,,,,,,,,,,,,,,,,,,,,,,,,,,,,,,,,,,,,,,,,,,,,,,,,,,,,,,,,,,,,,,,,,,,,,,,,,,,,,,,,,,,,,,,,,,,,,,,,,,,,,,,,,,,,,,,,,,,,,,,,,,,,,
"9 Hillcrest Grove, Springvale VIC 3171, Australia",300662,Springvale Library,-37.957007,145.153146,684040,,7,2102186,,0,,684041,,7,2102187,,0,,,,,,,,,,,,,,,,,,,,,,,,,,,,,,,,,,,,,,,,,,,,,,,,,,,,,,,,,,,,,,,,,,,,,,,,,,,,,,,,,,,,,,,,,,,,,,,,,,,,,,,,,,,,,,,,,,,,,,,,,,,,,,,,,,,,,,,,,,,,,,,,,,,,,,,,,,,,,,,,,,,,,,,,,,,,,,,,,,,,,,,,,,,,,,,,,,,,,,,,,,,,
"271 Police Rd, Mulgrave VIC 3170, Australia",182008,Waverley Gardens Shopping Centre,-37.935556,145.189902,376315,48,7,670921,,0,,,,,,,,,,,,,,,,,,,,,,,,,,,,,,,,,,,,,,,7,670922,,0,,,,,,,,,,,,,,,,,,,,,,,,,,,,,,,,,,,,,,,,,,,,,,,,,,,,,,,,,,,,,,,,,,,,,,,,,,,,,,,,,,,,,,,,,,,,,,,,,,,,,,,,,,,,,,,,,,,,,,,,,,,,,,,,,,,,,,,,,,,,,,,,,,,,,,,,,,,,,,,,,,,,,,,,,
"588 Swan St, Richmond VIC 3121, Australia",225056,Element Melbourne Richmond,-37.826921,145.020707,518629,57,7,1303837,22,0,,518631,57,7,1303840,22,0,,,,,,,,,,,,,,,,,,,,,,,,,,,,,,,,7,1512032,22,0,,7,1303839,22,0,,,,,,,,,,,,,,,,,,,,,,,,,,,,,,,,,,,,,,,,,,,,,,,,,,,,,,,,,,,,,,,,,,,,,,,,,,,,,,,,,,,,,,,,,,,,,,,,,,,,,,,,,,,,,,,,,,,,,,,,,,,,,,,,,,,,,,,,,,,,,,,,,,,,,,,,,,,,,,,,,,,,
"754-769 Princes Hwy, Springvale VIC 3171, Australia",308181,Springvale MEGA Centre,-37.94168,145.167746,716233,,7,2151108,,0,,716234,,7,2151109,,0,,,,,,,,,,,,,,,,,,,,,,,,,,,,,,,,,,,,,,,,,,,,,,,,,,,,,,,,,,,,,,,,,,,,,,,,,,,,,,,,,,,,,,,,,,,,,,,,,,,,,,,,,,,,,,,,,,,,,,,,,,,,,,,,,,,,,,,,,,,,,,,,,,,,,,,,,,,,,,,,,,,,,,,,,,,,,,,,,,,,,,,,,,,,,,,,,,,,,,,,,,,,
"37 Davis Way, Springvale VIC 3171, Australia",358948,Sandown Raceway Carpark,-37.950836,145.162663,856617,,14,2382986,8,0,,856619,,14,2382988,8,0,,856620,,14,2382989,8,0,,,,,,,,,,,,,,,,,,,,,,,,,,,,,,,,,,,,,,,,,,,,,,,,,,,,,,,,,,,,,,,,,,,,,,,,,,,,,,,,,,,,,,,,,,,,,,,,,,,,,,,,,,,,,,,,,,,,,,,,,,,,,,,,,,,,,,,,,,,,,,,,,,,,,,,,,,,,,,,,,,,,,,,,,,,,,,,,,,,,,,,,,,,,,,,,,,,,,
"67 Queens Rd, Melbourne VIC 3004, Australia",164722,Pullman Melbourne Albert Park,-37.849977,144.97831,189450,35,6,417758,22,0,,330211,35,6,611738,11,0,,330212,35,6,611739,11,0,,,,,,,,,,,,,,,,,,,,,,,,,,,,,,,,,,,,,,,,,,,,,,,,,,,,,,,,,,,,,,,,,,,,,,,,,,,,,,,,,,,,,,,,,,,,,,,,,,,,,,,,,,,,,,,,,,,,,,,,,,,,,,,,,,,,,,,,,,,,,,,,,,,,,,,,,,,,,,,,,,,,,,,,,,,,,,,,,,,,,,,,,,,,,,,,,,,,,
"145 Williams Rd, Prahran VIC 3181, Australia",102214,BMW South Yarra,-37.849295,145.00279,171817,1,7,1262027,,0,,249556,,12,510621,,0,,249557,,12,510622,,0,,,,,,,,,,,,,,,,,,,,,,,,,7,1262028,,0,,,,,,,,,,,,,,,,,,,,,,,,,,,,,,,,,,,,,,,,,,,,,,,,,,,,,,,,,,,,,,,,,,,,,,,,,,,,,,,,,,,,,,,,,,,,,,,,,,,,,,,,,,,,,,,,,,,,,,,,,,,,,,,,,,,,,,,,,,,,,,,,,,,,,,,,,,,,,,,,,,,,,,,,,
"99 Barrabool Rd, Belmont VIC 3216, Australia",159524,Barwon Valley Lodge,-38.166789,144.341445,315603,35,6,593893,22,0,,315604,35,6,593894,22,0,,,,,,,,,,,,,,,,,,,,,,,,,,,,,,,,,,,,,,,,,,,,,,,,,,,,,,,,,,,,,,,,,,,,,,,,,,,,,,,,,,,,,,,,,,,,,,,,,,,,,,,,,,,,,,,,,,,,,,,,,,,,,,,,,,,,,,,,,,,,,,,,,,,,,,,,,,,,,,,,,,,,,,,,,,,,,,,,,,,,,,,,,,,,,,,,,,,,,,,,,,,,
"55 Clements Avenue, Bundoora‎ VIC‎ 3083, Australia",98340,Northern Motor Group - Pre Delivery Dept,-37.704572,145.072077,161788,,2,377839,,0,,,,,,,,,,,,,,,,,,,,,,,,,,,,,,,,,,,,,,,,,,,,,,,,,,,,,,,,,,,,,,,,,,,,,,,,,,,,,,,,,,,,,,,,,,,,,,,,,,,,,,,,,,,,,,,,,,,,,,,,,,,,,,,,,,,,,,,,,,,,,,,,,,,,,,,,,,,,,,,,,,,,,,,,,,,,,,,,,,,,,,,,,,,,,,,,,,,,,,,,,,,,,,,,,,,
"101 Unity Drive, Mount Duneed VIC 3217, Australia",112798,Club Armstrong,-38.225341,144.328361,192804,1,2,498591,,0,,241056,1,2,498592,,0,,,,,,,,,,,,,,,,,,,,,,,,,,,,,,,,,,,,,,,,,,,,,,,,,,,,,,,,,,,,,,,,,,,,,,,,,,,,,,,,,,,,,,,,,,,,,,,,,,,,,,,,,,,,,,,,,,,,,,,,,,,,,,,,,,,,,,,,,,,,,,,,,,,,,,,,,,,,,,,,,,,,,,,,,,,,,,,,,,,,,,,,,,,,,,,,,,,,,,,,,,,,
"34 Melba Ave, Lilydale VIC 3140, Australia",265187,Middy's Lilydale,-37.761942,145.346082,582218,,7,1605839,,0,,,,,,,,,,,,,,,,,,,,,,,,,,,,,,,,,,,,,,,,,,,,,,,,,,,,,,,,,,,,,,,,,,,,,,,,,,,,,,,,,,,,,,,,,,,,,,,,,,,,,,,,,,,,,,,,,,,,,,,,,,,,,,,,,,,,,,,,,,,,,,,,,,,,,,,,,,,,,,,,,,,,,,,,,,,,,,,,,,,,,,,,,,,,,,,,,,,,,,,,,,,,,,,,,,,
"250 Cooper St, Epping VIC 3076, Australia",212368,Mantra Epping,-37.649756,145.008102,456364,,7,936353,,0,,456365,,7,936354,,0,,544776,35,6,1486558,5,0,,544775,35,6,1486557,5,0,,,,,,,,,,,,,,,,,,,,,,,,,,,,,,,,,,,,,,,,,,,,,,,,,,,,,,,,,,,,,,,,,,,,,,,,,,,,,,,,,,,,,,,,,,,,,,,,,,,,,,,,,,,,,,,,,,,,,,,,,,,,,,,,,,,,,,,,,,,,,,,,,,,,,,,,,,,,,,,,,,,,,,,,,,,,,,,,,,,,,,,,,,,,,,
"50 Wheatsheaf Rd, Glenroy 3046, Australia",391380,Glenroy Community Hub,-37.708497,144.924037,944553,,7,2514604,11,0,,,,,,,,,,,,,,,,,,,,,,,,,,,,,,,,,,,,,,,,,,,,,,,,,,,,,,,,,,,,,,,,,,,,,,,,,,,,,,,,,,,,,,,,,,,,,,,,,,,,,,,,,,,,,,,,,,,,,,,,,,,,,,,,,,,,,,,,,,,,,,,,,,,,,,,,,,,,,,,,,,,,,,,,,,,,,,,,,,,,,,,,,,,,,,,,,,,,,,,,,,,,,,,,,,,
"256 Hawthorn Road, Caulfield VIC 3162, Australia",304129,Glen Eira City Council,-37.880835,145.022852,744709,48,7,2226382,,0,UNKNOWN,744710,48,7,2226383,,0,UNKNOWN,706230,48,7,2131447,,0,,706231,48,7,2131448,,0,,,,,,,,,,,,,,,,,,,,,,,,,,,,,,,,,,,,,,,,,,,,,,,,,,,,,,,,,,,,,,,,,,,,,,,,,,,,,,,,,,,,,,,,,,,,,,,,,,,,,,,,,,,,,,,,,,,,,,,,,,,,,,,,,,,,,,,,,,,,,,,,,,,,,,,,,,,,,,,,,,,,,,,,,,,,,,,,,,,,,,,,,,,,,,
"460-462 Maroondah Highway, Lilydale VIC 3140, Australia",230251,Yarra Valley Nissan,-37.754859,145.363238,501391,48,7,1234825,,0,,501392,48,7,1234826,,0,,,,,,,,,,,,,,,,,,,,,,,,,,,,,,,,,,,,,,,,,,,,,,,,,,,,,,,,,,,,,,,,,,,,,,,,,,,,,,,,,,,,,,,,,,,,,,,,,,,,,,,,,,,,,,,,,,,,,,,,,,,,,,,,,,,,,,,,,,,,,,,,,,,,,,,,,,,,,,,,,,,,,,,,,,,,,,,,,,,,,,,,,,,,,,,,,,,,,,,,,,,,
"15-29 Bank Street, South Melbourne VIC 3205, Australia",202279,Secure Parking,-37.832108,144.969126,429675,,12,754498,,0,,429676,,12,754499,,0,,429677,,12,754500,,0,,429678,,12,754501,,0,,429679,,12,754502,,0,,429680,,12,754503,,0,,,,,,,,,,,,,,,,,,,,,,,,,,,,,429681,,12,754504,,0,,,,,,,,,,,,,,,,,,,,,,,,,,,,,,,,,,,,,,,,,,,,,,,,,,,,429682,,12,754505,,0,,,,,,,429683,12,754506,,0,,429684,12,754507,,0,,429685,12,754508,,0,,429686,12,754509,,0,,429687,12,754510,,0,,429688,12,754511,,0,,429689,12,754512,,0,,429690,12,754513,,0,,429691,12,754514,,0,,429692,12,754515,,0,,429693,12,754516,,0,,429694,12,754517,,0,,429695,12,754518,,0,,
"1 Gertrude St, Frankston VIC 3199, Australia",158705,Good Guys,-38.148237,145.138689,312174,,12,589558,,0,,,,,,,,,,,,,,,,,,,,,,,,,,,,,,,,,,,,,,,,,,,,,,,,,,,,,,,,,,,,,,,,,,,,,,,,,,,,,,,,,,,,,,,,,,,,,,,,,,,,,,,,,,,,,,,,,,,,,,,,,,,,,,,,,,,,,,,,,,,,,,,,,,,,,,,,,,,,,,,,,,,,,,,,,,,,,,,,,,,,,,,,,,,,,,,,,,,,,,,,,,,,,,,,,,,
"46 Cameron St, Richmond VIC 3121, Australia",382708,Richmond Traders Coles,-37.817041,144.998664,919954,,7,2476235,,0,,919955,,7,2476236,,0,,,,,,,,,,,,,,,,,,,,,,,,,,,,,,,,,,,,,,,,,,,,,,,,,,,,,,,,,,,,,,,,,,,,,,,,,,,,,,,,,,,,,,,,,,,,,,,,,,,,,,,,,,,,,,,,,,,,,,,,,,,,,,,,,,,,,,,,,,,,,,,,,,,,,,,,,,,,,,,,,,,,,,,,,,,,,,,,,,,,,,,,,,,,,,,,,,,,,,,,,,,,
"4-6 Fitzgerald Rd, Laverton North VIC 3026, Australia",385343,Just Honk Used Cars,-37.843884,144.782596,926606,70,7,2485914,,0,,,,,,,,,,,,,,,,,,,,,,,,,,,,,,,,,,,,,,,,,,,,,,,,,,,,,,,,,,,,,,,,,,,,,,,,,,,,,,,,,,,,,,,,,,,,,,,,,,,,,,,,,,,,,,,,,,,,,,,,,,,,,,,,,,,,,,,,,,,,,,,,,,,,,,,,,,,,,,,,,,,,,,,,,,,,,,,,,,,,,,,,,,,,,,,,,,,,,,,,,,,,,,,,,,,
"19-25 Trade Place Vermont VIC 3133, Australia",94439,Hebco Industrial,-37.833743,145.18642,249809,,6,511211,,0,,,,,,,,,,,,,,,,,,,,,,,,,,,,,,,,,,,,,,,,,,,,,,,,,,,,,,,,,,,,,,,,,,,,,,,,,,,,,,,,,,,,,,,,,,,,,,,,,,,,,,,,,,,,,,,,,,,,,,,,,,,,,,,,,,,,,,,,,,,,,,,,,,,,,,,,,,,,,,,,,,,,,,,,,,,,,,,,,,,,,,,,,,,,,,,,,,,,,,,,,,,,,,,,,,,
"895 Phillip Island Road, Newhaven‎ VIC‎ 3925, Australia",102671,Phillip Island Visitor Information Centre,-38.515001,145.348261,173076,,12,395536,,0,,,,,,,,,,,,,,,,,,,,,,,,,,,,,,,,,,,,,,,,,,,,,,,,,,,,,,,,,,,,,,,,,,,,,,,,,,,,,,,,,,,,,,,,,,,,,,,,,,,,,,,,,,,,,,,,,,,,,,,,,,,,,,,,,,,,,,,,,,,,,,,,,,,,,,,,,,,,,,,,,,,,,,,,,,,,,,,,,,,,,,,,,,,,,,,,,,,,,,,,,,,,,,,,,,,
"Weddell Rd, North Geelong VIC 3215, Australia",329193,West Oval,-38.129308,144.345207,773586,,7,2264653,22,0,,773587,,7,2264654,22,0,,,,,,,,,,,,,,,,,,,,,,,,,,,,,,,,,,,,,,,,,,,,,,,,,,,,,,,,,,,,,,,,,,,,,,,,,,,,,,,,,,,,,,,,,,,,,,,,,,,,,,,,,,,,,,,,,,,,,,,,,,,,,,,,,,,,,,,,,,,,,,,,,,,,,,,,,,,,,,,,,,,,,,,,,,,,,,,,,,,,,,,,,,,,,,,,,,,,,,,,,,,,
"741-745 Whitehorse Road, Mont Albert VIC 3127, Australia",424100,Quest Mont Albert,-37.815833,145.10738,1022460,,12,2643800,,0,,1022461,,12,2643801,,0,,1022462,,12,2643802,,0,,,,,,,,,,,,,,,,,,,,,,,,,,,,,,,,,,,,,,,,,,,,,,,,,,,,,,,,,,,,,,,,,,,,,,,,,,,,,,,,,,,,,,,,,,,,,,,,,,,,,,,,,,,,,,,,,,,,,,,,,,,,,,,,,,,,,,,,,,,,,,,,,,,,,,,,,,,,,,,,,,,,,,,,,,,,,,,,,,,,,,,,,,,,,,,,,,,,,
"129-163 Main Hurstbridge Rd, Diamond Creek VIC 3089, Australia",185934,Community Bank Stadium,-37.673703,145.166098,386177,48,7,683686,,0,,,,,,,,,,,,,,,,,,,,,,,,,,,,,,,,,,,,,,,,,,,,,,,,,,,,,,,,,,,,,,,,,,,,,,,,,,,,,,,,,,,,,,,,,,,,,,,,,,,,,,,,,,,,,,,,,,,,,,,,,,,,,,,,,,,,,,,,,,,,,,,,,,,,,,,,,,,,,,,,,,,,,,,,,,,,,,,,,,,,,,,,,,,,,,,,,,,,,,,,,,,,,,,,,,,
"13 Stanton St, Abbotsford VIC 3067, Australia",354335,Collingwood Library,-37.804471,144.99327,1026705,60,13,2648541,50.065,0,AVAILABLE,853968,60,3,2379153,50.065,0,UNKNOWN,1026706,60,3,2648542,50.065,0,AVAILABLE,1026707,60,3,2648543,50.065,0,AVAILABLE,853967,60,13,2379152,50.065,0,UNKNOWN,1026708,60,13,2648544,50.065,0,AVAILABLE,,,,,,,,13,2379154,50.065,0,UNKNOWN,,,,,,,,,,,,,,,,,,,,,,,3,2379151,50.065,0,UNKNOWN,,,,,,,,,,,,,,,,,,,,,,,,,,,,,,,,,,,,,,,,,,,,,,,,,,,,,,,,,,,,,,,,,,,,,,,,,,,,,,,,,,,,,,,,,,,,,,,,,,,,,,,,,,,,,,,,,,,,,,,,,,,,,,,,,,,,,,,,
"490 South Rd, Moorabbin VIC 3189, Australia",425057,Holmesglen Private Hospital,-37.93704,145.050288,1028368,,7,2650683,,0,,1028369,,7,2657103,,0,,,,,,,,,,,,,,,,,,,,,,,,,,,,,,,,7,2657102,,0,,7,2650684,,0,,,,,,,,,,,,,,,,,,,,,,,,,,,,,,,,,,,,,,,,,,,,,,,,,,,,,,,,,,,,,,,,,,,,,,,,,,,,,,,,,,,,,,,,,,,,,,,,,,,,,,,,,,,,,,,,,,,,,,,,,,,,,,,,,,,,,,,,,,,,,,,,,,,,,,,,,,,,,,,,,,,,
"229 Coventry St, South Melbourne VIC 3205, Australia",144309,Coles South Melbourne,-37.832375,144.960369,274733,,12,543209,,0,,,,,,,,,,,,,,,,,,,,,,,,,,,,,,,,,,,,,,,,,,,,,,,,,,,,,,,,,,,,,,,,,,,,,,,,,,,,,,,,,,,,,,,,,,,,,,,,,,,,,,,,,,,,,,,,,,,,,,,,,,,,,,,,,,,,,,,,,,,,,,,,,,,,,,,,,,,,,,,,,,,,,,,,,,,,,,,,,,,,,,,,,,,,,,,,,,,,,,,,,,,,,,,,,,,
"630 Victoria St, Richmond VIC 3121, Australia",345717,IKEA Richmond,-37.812895,145.010271,820801,,7,2325747,,0,,820802,,7,2325748,,0,,820803,,7,2325749,,0,,820804,,7,2325750,,0,,,,,,,,,,,,,,,,,,,,,,,,,,,,,,,,,,,,,,,,,,,,,,,,,,,,,,,,,,,,,,,,,,,,,,,,,,,,,,,,,,,,,,,,,,,,,,,,,,,,,,,,,,,,,,,,,,,,,,,,,,,,,,,,,,,,,,,,,,,,,,,,,,,,,,,,,,,,,,,,,,,,,,,,,,,,,,,,,,,,,,,,,,,,,,
"Prahran Square, 30-40 Izett Street, Prahran VIC 3181, Australia",208489,Prahran Square,-37.847695,144.99266,455610,,12,930175,,0,,455617,,12,930182,,0,,446075,48,7,930071,,0,,455614,,12,930179,,0,,455615,,12,930180,,0,,455616,,12,930181,,0,,,,,,,,,,,,,,,,,,,,,,,,,,,,,455618,,12,930183,,0,,,,,,,,,,,,,,,,,,,,,,,,,,,,,,,,,,,,,,,,,,,,,,,,,,,,455611,,12,930176,,0,,,,,,,446074,7,930072,,0,,455619,12,930184,,0,,455613,12,930178,,0,,455612,12,930177,,0,,,,,,,,,,,,,,,,,,,,,,,,,,,,,,,,,,,,,,,,,,,,,,,,,,,,,,,,48
"233 Upper Heidelberg Road, Ivanhoe VIC 3079, Australia",305552,Ivanhoe Library,-37.766356,145.044964,709358,57,7,2137973,,0,,709359,57,7,2137974,,0,,,,,,,,,,,,,,,,,,,,,,,,,,,,,,,,,,,,,,,,,,,,,,,,,,,,,,,,,,,,,,,,,,,,,,,,,,,,,,,,,,,,,,,,,,,,,,,,,,,,,,,,,,,,,,,,,,,,,,,,,,,,,,,,,,,,,,,,,,,,,,,,,,,,,,,,,,,,,,,,,,,,,,,,,,,,,,,,,,,,,,,,,,,,,,,,,,,,,,,,,,,,
"51-59 Anderson St, Lilydale VIC 3140, Australia",207532,Coles Lilydale,-37.756189,145.354065,443210,,12,838004,,0,,443211,,12,838005,,0,,443212,,12,838006,,0,,,,,,,,,,,,,,,,,,,,,,,,,,,,,,,,,,,,,,,,,,,,,,,,,,,,,,,,,,,,,,,,,,,,,,,,,,,,,,,,,,,,,,,,,,,,,,,,,,,,,,,,,,,,,,,,,,,,,,,,,,,,,,,,,,,,,,,,,,,,,,,,,,,,,,,,,,,,,,,,,,,,,,,,,,,,,,,,,,,,,,,,,,,,,,,,,,,,,
"Springvale Homemaker Centre, 917 Princes Highway, Springvale VIC 3171, Australia",262714,Springvale Homemaker Centre,-37.927929,145.143552,854136,,7,2379374,,0,,854139,,7,2379377,,0,,854137,,7,2379375,,0,,854138,,7,2379376,,0,,634641,35,6,1945039,22,0,,634640,35,6,1945036,22,0,,,,,,,,,,,,,,,,,,,,,,,,,,,,,634642,35,6,1945040,22,0,,,,,,,,,,,,,,,,,,,,,,,,,,,,,,,,,,,,,,,,,,,,,,,,,,,,636481,,7,1970160,,0,,,,,,,636480,7,1970159,,0,,636482,7,1970161,,0,,,,,,,,,,,,,,,,,,,,,,,,,,,,,,,,,,,,,,,,,,,,,,,,,,,,,,,,,,,,,,,,,,,,
"2145 Dandenong Road, Clayton VIC 3168, Australia",249156,Clayton M City,-37.922053,145.140054,589516,,7,1628531,,0,,,,,,,,,,,,,,,,,,,,,,,,,,,,,,,,,,,,,,,,,,,,,,,,,,,,,,,,,,,,,,,,,,,,,,,,,,,,,,,,,,,,,,,,,,,,,,,,,,,,,,,,,,,,,,,,,,,,,,,,,,,,,,,,,,,,,,,,,,,,,,,,,,,,,,,,,,,,,,,,,,,,,,,,,,,,,,,,,,,,,,,,,,,,,,,,,,,,,,,,,,,,,,,,,,,
"399 Melton Highway, Taylors Lakes VIC 3038",101330,Watergardens Shopping Centre,-37.699043,144.775876,174849,35,6,398164,22,0,,174850,35,6,398165,22,0,,174851,35,6,398166,22,0,,,,,,,,,,,,,,,,,,,,,,,,,,,,,,,,,,,,,,,,,,,,,,,,,,,,,,,,,,,,,,,,,,,,,,,,,,,,,,,,,,,,,,,,,,,,,,,,,,,,,,,,,,,,,,,,,,,,,,,,,,,,,,,,,,,,,,,,,,,,,,,,,,,,,,,,,,,,,,,,,,,,,,,,,,,,,,,,,,,,,,,,,,,,,,,,,,,,,
"192 Wellington Parade, Melbourne VIC 3002",170292,Pullman Melbourne on the Park,-37.815994,144.983228,434647,,6,775612,,0,,345823,,6,631621,,0,,,,,,,,,,,,,,,,,,,,,,,,,,,,,,,,,,,,,,,,,,,,,,,,,,,,,,,,,,,,,,,,,,,,,,,,,,,,,,,,,,,,,,,,,,,,,,,,,,,,,,,,,,,,,,,,,,,,,,,,,,,,,,,,,,,,,,,,,,,,,,,,,,,,,,,,,,,,,,,,,,,,,,,,,,,,,,,,,,,,,,,,,,,,,,,,,,,,,,,,,,,,
"525 Graham St, Port Melbourne VIC 3207, Australia",329792,Woolworths Fishermans Bend,-37.830671,144.931658,775367,,7,2267023,,0,,775368,,7,2267024,,0,,,,,,,,,,,,,,,,,,,,,,,,,,,,,,,,,,,,,,,,,,,,,,,,,,,,,,,,,,,,,,,,,,,,,,,,,,,,,,,,,,,,,,,,,,,,,,,,,,,,,,,,,,,,,,,,,,,,,,,,,,,,,,,,,,,,,,,,,,,,,,,,,,,,,,,,,,,,,,,,,,,,,,,,,,,,,,,,,,,,,,,,,,,,,,,,,,,,,,,,,,,,
"10 Western Foreshore Rd, Geelong VIC 3220, Australia",143119,Cunningham Pier,-38.143296,144.361213,342329,48,7,626913,,0,,342342,48,7,626938,,0,,,,,,,,,,,,,,,,,,,,,,,,,,,,,,,,7,626914,,0,,7,626939,,0,,,,,,,,,,,,,,,,,,,,,,,,,,,,,,,,,,,,,,,,,,,,,,,,,,,,,,,,,,,,,,,,,,,,,,,,,,,,,,,,,,,,,,,,,,,,,,,,,,,,,,,,,,,,,,,,,,,,,,,,,,,,,,,,,,,,,,,,,,,,,,,,,,,,,,,,,,,,,,,,,,,,
"20 Ancora Imparo Way, Clayton VIC 3800, Australia",169046,Monash University Clayton - Car Park S2,-37.914282,145.1338,392273,,12,691739,,0,,342401,48,7,627029,,0,,,,,,,,,,,,,,,,,,,,,,,,,,,,,,,,,,,,,7,627030,,0,,,,,,,,,,,,,,,,,,,,,,,,,,,,,,,,,,,,,,,,,,,,,,,,,,,,,,,,,,,,,,,,,,,,,,,,,,,,,,,,,,,,,,,,,,,,,,,,,,,,,,,,,,,,,,,,,,,,,,,,,,,,,,,,,,,,,,,,,,,,,,,,,,,,,,,,,,,,,,,,,,,,
"583 High St, Epping VIC 3076, Australia",154464,Pacific Epping Shopping Centre,-37.653416,145.016892,297381,35,6,569270,22,0,,297382,35,6,569271,22,0,,,,,,,,,,,,,,,,,,,,,,,,,,,,,,,,,,,,,,,,,,,,,,,,,,,,,,,,,,,,,,,,,,,,,,,,,,,,,,,,,,,,,,,,,,,,,,,,,,,,,,,,,,,,,,,,,,,,,,,,,,,,,,,,,,,,,,,,,,,,,,,,,,,,,,,,,,,,,,,,,,,,,,,,,,,,,,,,,,,,,,,,,,,,,,,,,,,,,,,,,,,,
"175 Maroondah Hwy, Ringwood VIC 3134, Australia",134783,Eastland Shopping Centre,-37.81425,145.229003,455954,35,6,932724,15,0,,455956,35,6,932727,15,0,,252305,35,6,515829,11,0,,252306,35,6,515830,11,0,,,,,,,,,,,,,,,,,,,,,,,,,,,,,,,,,,,,,,,,,,,,,,,,,,,,,,,,,,,,,,,,,,,,,,,,,,,,,,,,,,,,,,,,,,,,,,,,,,,,,,,,,,,,,,,,,,,,,,,,,,,,,,,,,,,,,,,,,,,,,,,,,,,,,,,,,,,,,,,,,,,,,,,,,,,,,,,,,,,,,,,,,,,,,,
"4 Lynton Ct, Cowes VIC 3922, Australia",292242,Red Rock (Coming Soon),-38.453893,145.199794,640419,,12,2033254,,0,,,,,,,,,,,,,,,,,,,,,,,,,,,,,,,,,,,,,,,,,,,,,,,,,,,,,,,,,,,,,,,,,,,,,,,,,,,,,,,,,,,,,,,,,,,,,,,,,,,,,,,,,,,,,,,,,,,,,,,,,,,,,,,,,,,,,,,,,,,,,,,,,,,,,,,,,,,,,,,,,,,,,,,,,,,,,,,,,,,,,,,,,,,,,,,,,,,,,,,,,,,,,,,,,,,
2 Kavanagh St Southbank VIC 3006 Australia,11394,The Arts Centre,-37.822715,144.96767,150229,,2,359910,,0,,51613,,2,359911,,0,,,,,,,,,,,,,,,,,,,,,,,,,,,,,,,,,,,,,,,,,,,,,,,,,,,,,,,,,,,,,,,,,,,,,,,,,,,,,,,,,,,,,,,,,,,,,,,,,,,,,,,,,,,,,,,,,,,,,,,,,,,,,,,,,,,,,,,,,,,,,,,,,,,,,,,,,,,,,,,,,,,,,,,,,,,,,,,,,,,,,,,,,,,,,,,,,,,,,,,,,,,,
"11 Nicholson St, Carlton VIC 3053, Australia",11395,Melbourne Museum,-37.804609,144.972702,298306,,2,570323,,0,,298307,,2,570324,,0,,,,,,,,,,,,,,,,,,,,,,,,,,,,,,,,,,,,,,,,,,,,,,,,,,,,,,,,,,,,,,,,,,,,,,,,,,,,,,,,,,,,,,,,,,,,,,,,,,,,,,,,,,,,,,,,,,,,,,,,,,,,,,,,,,,,,,,,,,,,,,,,,,,,,,,,,,,,,,,,,,,,,,,,,,,,,,,,,,,,,,,,,,,,,,,,,,,,,,,,,,,,
"1-3 Queens Road, Melbourne VIC 3004, Australia",222316,Wilson’s Carpark,-37.835734,144.973525,485646,,12,1164580,,0,,,,,,,,,,,,,,,,,,,,,,,,,,,,,,,,,,,,,,,,,,,,,,,,,,,,,,,,,,,,,,,,,,,,,,,,,,,,,,,,,,,,,,,,,,,,,,,,,,,,,,,,,,,,,,,,,,,,,,,,,,,,,,,,,,,,,,,,,,,,,,,,,,,,,,,,,,,,,,,,,,,,,,,,,,,,,,,,,,,,,,,,,,,,,,,,,,,,,,,,,,,,,,,,,,,
"45 Dudley St, West Melbourne VIC 3003, Australia",178678,Flagstaff City Inn,-37.810116,144.951048,367487,,12,659371,,0,,,,,,,,,,,,,,,,,,,,,,,,,,,,,,,,,,,,,,,,,,,,,,,,,,,,,,,,,,,,,,,,,,,,,,,,,,,,,,,,,,,,,,,,,,,,,,,,,,,,,,,,,,,,,,,,,,,,,,,,,,,,,,,,,,,,,,,,,,,,,,,,,,,,,,,,,,,,,,,,,,,,,,,,,,,,,,,,,,,,,,,,,,,,,,,,,,,,,,,,,,,,,,,,,,,
"282/284 Chesterville Rd, Moorabbin VIC 3189, Australia",413448,Morris Moor (Coming Soon),-37.941172,145.061402,998481,1371,7,2602430,,0,,998482,1371,7,2602432,,0,,998480,1371,7,2602428,,0,,,,,,,,,,,,,,,,,,,,,,,,,7,2602431,,0,,7,2602433,,0,,,,,,,7,2602429,,0,,,,,,,,,,,,,,,,,,,,,,,,,,,,,,,,,,,,,,,,,,,,,,,,,,,,,,,,,,,,,,,,,,,,,,,,,,,,,,,,,,,,,,,,,,,,,,,,,,,,,,,,,,,,,,,,,,,,,,,,,,,,,,,,,,,,,,,,,,,,,,,,,,,,,,,,,,
"2 Acland St, St Kilda VIC 3182, Australia",187552,The Prince Hotel,-37.862284,144.973965,531167,,7,1427554,,0,,870607,,7,2402739,,0,,391136,35,6,690351,22,0,,391137,35,6,690352,22,0,,,,,,,,,,,,,,,,,,,,,,,,,,,,,,,,,,,,,,,,,,,,,,,,,,,,,,,,,,,,,,,,,,,,,,,,,,,,,,,,,,,,,,,,,,,,,,,,,,,,,,,,,,,,,,,,,,,,,,,,,,,,,,,,,,,,,,,,,,,,,,,,,,,,,,,,,,,,,,,,,,,,,,,,,,,,,,,,,,,,,,,,,,,,,,
"30 Jacka Blvd, St Kilda VIC 3182, Australia",361928,Stokehouse St Kilda,-37.86758,144.974352,864578,,7,2394383,,0,,,,,,,,,,,,,,,,,,,,,,,,,,,,,,,,,,,,,,,,,,,,,,,,,,,,,,,,,,,,,,,,,,,,,,,,,,,,,,,,,,,,,,,,,,,,,,,,,,,,,,,,,,,,,,,,,,,,,,,,,,,,,,,,,,,,,,,,,,,,,,,,,,,,,,,,,,,,,,,,,,,,,,,,,,,,,,,,,,,,,,,,,,,,,,,,,,,,,,,,,,,,,,,,,,,
"115 Cotham Rd, Kew VIC 3101, Australia",354336,Hotel 115 Guest Carpark,-37.807448,145.039021,844264,,12,2366318,,0,,,,,,,,,,,,,,,,,,,,,,,,,,,,,,,,,,,,,,,,,,,,,,,,,,,,,,,,,,,,,,,,,,,,,,,,,,,,,,,,,,,,,,,,,,,,,,,,,,,,,,,,,,,,,,,,,,,,,,,,,,,,,,,,,,,,,,,,,,,,,,,,,,,,,,,,,,,,,,,,,,,,,,,,,,,,,,,,,,,,,,,,,,,,,,,,,,,,,,,,,,,,,,,,,,,
"237 243 Frankston Dandenong Rd, Dandenong South, VIC, 3175",16937,Clubs Assist,-38.022421,145.213927,555721,,2,1532002,,0,,,,,,,,,,,,,,,,,,,,,,,,,,,,,,,,,,,,,,,,,,,,,,,,,,,,,,,,,,,,,,,,,,,,,,,,,,,,,,,,,,,,,,,,,,,,,,,,,,,,,,,,,,,,,,,,,,,,,,,,,,,,,,,,,,,,,,,,,,,,,,,,,,,,,,,,,,,,,,,,,,,,,,,,,,,,,,,,,,,,,,,,,,,,,,,,,,,,,,,,,,,,,,,,,,,
204-218 Lygon St Carlton Victoria 3053 Australia,75917,Lygon Street Car park,-37.802158,144.96708,829154,70,7,2346202,,0,,,,,,,,,,,,,,,,,,,,,,,,,,,,,,,,,,,,,,,,,,,,,,,,,,,,,,,,,,,,,,,,,,,,,,,,,,,,,,,,,,,,,,,,,,,,,,,,,,,,,,,,,,,,,,,,,,,,,,,,,,,,,,,,,,,,,,,,,,,,,,,,,,,,,,,,,,,,,,,,,,,,,,,,,,,,,,,,,,,,,,,,,,,,,,,,,,,,,,,,,,,,,,,,,,,
"16 Normanby Road, South Wharf VIC 3006, Australia",193193,Melbourne Convention Exhibition Centre,-37.82613,144.953107,425289,,12,743817,,0,,425288,,12,743816,,0,,405926,,12,711956,,0,,,,,,,,,,,,,,,,,,,,,,,,,,,,,,,,,,,,,,,,,,,,,,,,,,,,,,,,,,,,,,,,,,,,,,,,,,,,,,,,,,,,,,,,,,,,,,,,,,,,,,,,,,,,,,,,,,,,,,,,,,,,,,,,,,,,,,,,,,,,,,,,,,,,,,,,,,,,,,,,,,,,,,,,,,,,,,,,,,,,,,,,,,,,,,,,,,,,,
"8 Whiteman Street, Southbank, Victoria, Australia, VIC 3006",72277,Crown Metropol Melbourne,-37.825511,144.957692,104628,35,6,256554,22,0,,,,,,,,,,,,,,,,,,,,,,,,,,,,,,,,,,,,,,,,,,,,,,,,,,,,,,,,,,,,,,,,,,,,,,,,,,,,,,,,,,,,,,,,,,,,,,,,,,,,,,,,,,,,,,,,,,,,,,,,,,,,,,,,,,,,,,,,,,,,,,,,,,,,,,,,,,,,,,,,,,,,,,,,,,,,,,,,,,,,,,,,,,,,,,,,,,,,,,,,,,,,,,,,,,,
"300 Lonsdale St, Melbourne VIC 3000, Australia",326854,Melbourne Central Carpark,-37.811734,144.963518,767179,,12,2256083,,0,,,,,,,,,,,,,,,,,,,,,,,,,,,,,,,,,,,,,,,,,,,,,,,,,,,,,,,,,,,,,,,,,,,,,,,,,,,,,,,,,,,,,,,,,,,,,,,,,,,,,,,,,,,,,,,,,,,,,,,,,,,,,,,,,,,,,,,,,,,,,,,,,,,,,,,,,,,,,,,,,,,,,,,,,,,,,,,,,,,,,,,,,,,,,,,,,,,,,,,,,,,,,,,,,,,
"619 Doncaster Rd, Doncaster VIC 3108, Australia",112100,Westfield Doncaster,-37.78342,145.126058,408707,1,2,715575,6.6,0,,408706,1,2,721487,6.6,0,,374603,35,6,668717,22,0,,374604,35,6,668718,22,0,,,,,,,,,,,,,,,,,,2,721486,6.6,0,,2,715574,6.6,0,,,,,,,,,,,,,,,,,,,,,,,,,,,,,,,,,,,,,,,,,,,,,,,,,,,,,,,,,,,,,,,,,,,,,,,,,,,,,,,,,,,,,,,,,,,,,,,,,,,,,,,,,,,,,,,,,,,,,,,,,,,,,,,,,,,,,,,,,,,,,,,,,,,,,,,,,,,,,,,,,,,,
"2432 Frankston - Flinders Rd, Bittern VIC 3918, Australia",242912,Bitternfields Shopping Centre,-38.336376,145.177183,526473,,12,1378062,,0,,,,,,,,,,,,,,,,,,,,,,,,,,,,,,,,,,,,,,,,,,,,,,,,,,,,,,,,,,,,,,,,,,,,,,,,,,,,,,,,,,,,,,,,,,,,,,,,,,,,,,,,,,,,,,,,,,,,,,,,,,,,,,,,,,,,,,,,,,,,,,,,,,,,,,,,,,,,,,,,,,,,,,,,,,,,,,,,,,,,,,,,,,,,,,,,,,,,,,,,,,,,,,,,,,,
"540 Torquay Rd, Armstrong Creek VIC 3217, Australia",263003,Armstrong Creek Town Centre,-38.22808,144.339931,576833,,7,1585267,7,0,,576834,,7,1585268,7,0,,,,,,,,,,,,,,,,,,,,,,,,,,,,,,,,,,,,,,,,,,,,,,,,,,,,,,,,,,,,,,,,,,,,,,,,,,,,,,,,,,,,,,,,,,,,,,,,,,,,,,,,,,,,,,,,,,,,,,,,,,,,,,,,,,,,,,,,,,,,,,,,,,,,,,,,,,,,,,,,,,,,,,,,,,,,,,,,,,,,,,,,,,,,,,,,,,,,,,,,,,,,
"300 Flinders St, Melbourne VIC 3000, Australia",72035,Secure Parking (300 Flinders St),-37.818268,144.96402,104120,35,6,255071,3,0,,104119,35,6,255070,3,0,,,,,,,,,,,,,,,,,,,,,,,,,,,,,,,,,,,,,,,,,,,,,,,,,,,,,,,,,,,,,,,,,,,,,,,,,,,,,,,,,,,,,,,,,,,,,,,,,,,,,,,,,,,,,,,,,,,,,,,,,,,,,,,,,,,,,,,,,,,,,,,,,,,,,,,,,,,,,,,,,,,,,,,,,,,,,,,,,,,,,,,,,,,,,,,,,,,,,,,,,,,,
"458 Torquay Road, Armstrong Creek 3217, Australia",347484,Dan Murphy’s Armstrong Creek,-38.225361,144.337345,825315,,7,2332294,,0,,825316,,7,2332295,,0,,825317,,7,2332296,,0,,,,,,,,,,,,,,,,,,,,,,,,,,,,,,,,,,,,,,,,,,,,,,,,,,,,,,,,,,,,,,,,,,,,,,,,,,,,,,,,,,,,,,,,,,,,,,,,,,,,,,,,,,,,,,,,,,,,,,,,,,,,,,,,,,,,,,,,,,,,,,,,,,,,,,,,,,,,,,,,,,,,,,,,,,,,,,,,,,,,,,,,,,,,,,,,,,,,,
"322 Coventry St, South Melbourne VIC 3205",269652,South Melbourne Market Rooftop Parking,-37.83203,144.956791,594256,,7,1646133,,0,,594257,,7,1646134,,0,,,,,,,,,,,,,,,,,,,,,,,,,,,,,,,,,,,,,,,,,,,,,,,,,,,,,,,,,,,,,,,,,,,,,,,,,,,,,,,,,,,,,,,,,,,,,,,,,,,,,,,,,,,,,,,,,,,,,,,,,,,,,,,,,,,,,,,,,,,,,,,,,,,,,,,,,,,,,,,,,,,,,,,,,,,,,,,,,,,,,,,,,,,,,,,,,,,,,,,,,,,,
"6 Coventry Rd, Narre Warren VIC 3805",328848,Berwick BMW,-38.026209,145.311511,775148,,7,2266725,,0,,775149,,7,2266726,,0,,,,,,,,,,,,,,,,,,,,,,,,,,,,,,,,,,,,,,,,,,,,,,,,,,,,,,,,,,,,,,,,,,,,,,,,,,,,,,,,,,,,,,,,,,,,,,,,,,,,,,,,,,,,,,,,,,,,,,,,,,,,,,,,,,,,,,,,,,,,,,,,,,,,,,,,,,,,,,,,,,,,,,,,,,,,,,,,,,,,,,,,,,,,,,,,,,,,,,,,,,,,
"1 Parliament Square Off, Parliament Pl, Melbourne VIC 3002, Australia",219449,Park Hyatt Melbourne,-37.811933,144.976125,478394,,7,1110448,,0,,478395,,7,1110449,,0,,,,,,,,,,,,,,,,,,,,,,,,,,,,,,,,,,,,,,,,,,,,,,,,,,,,,,,,,,,,,,,,,,,,,,,,,,,,,,,,,,,,,,,,,,,,,,,,,,,,,,,,,,,,,,,,,,,,,,,,,,,,,,,,,,,,,,,,,,,,,,,,,,,,,,,,,,,,,,,,,,,,,,,,,,,,,,,,,,,,,,,,,,,,,,,,,,,,,,,,,,,,
"25 Main St, Greensborough VIC 3088, Australia",181515,Greensborough Plaza,-37.702301,145.102344,376317,48,7,670924,,0,,376318,48,7,670926,,0,,,,,,,,,,,,,,,,,,,,,,,,,,,,,,,,7,670925,,0,,7,670927,,0,,,,,,,,,,,,,,,,,,,,,,,,,,,,,,,,,,,,,,,,,,,,,,,,,,,,,,,,,,,,,,,,,,,,,,,,,,,,,,,,,,,,,,,,,,,,,,,,,,,,,,,,,,,,,,,,,,,,,,,,,,,,,,,,,,,,,,,,,,,,,,,,,,,,,,,,,,,,,,,,,,,,
"1 Flintoff St, Greensborough VIC 3088, Australia",317513,WaterMarc Car Park,-37.704042,145.10525,740919,,7,2221253,,0,,740918,,7,2221252,,0,,771027,,7,2261239,,0,,,,,,,,,,,,,,,,,,,,,,,,,,,,,,,,,,,,,,,,,,,,,,,,,,,,,,,,,,,,,,,,,,,,,,,,,,,,,,,,,,,,,,,,,,,,,,,,,,,,,,,,,,,,,,,,,,,,,,,,,,,,,,,,,,,,,,,,,,,,,,,,,,,,,,,,,,,,,,,,,,,,,,,,,,,,,,,,,,,,,,,,,,,,,,,,,,,,,
"535 Little Lonsdale St, Melbourne VIC 3004, Australia",90895,Flagstaff Car Park,-37.813111,144.955756,144091,35,6,349373,22,0,,144092,35,6,349374,22,0,,,,,,,,,,,,,,,,,,,,,,,,,,,,,,,,,,,,,,,,,,,,,,,,,,,,,,,,,,,,,,,,,,,,,,,,,,,,,,,,,,,,,,,,,,,,,,,,,,,,,,,,,,,,,,,,,,,,,,,,,,,,,,,,,,,,,,,,,,,,,,,,,,,,,,,,,,,,,,,,,,,,,,,,,,,,,,,,,,,,,,,,,,,,,,,,,,,,,,,,,,,,
"460 Queen St, Melbourne VIC 3000, Australia",328178,Queen Victoria Market - Underground Carpark,-37.807804,144.958282,770840,,7,2260992,,0,,770841,,7,2260993,,0,,770842,,7,2260994,,0,,770843,,7,2260995,,0,,770844,,7,2260996,,0,,770845,,7,2260997,,0,,,,,,,,,,,,,,,,,,,,,,,,,,,,,770846,,7,2260998,,0,,,,,,,,,,,,,,,,,,,,,,,,,,,,,,,,,,,,,,,,,,,,,,,,,,,,770847,,7,2260999,,0,,,,,,,770848,7,2261000,,0,,770849,7,2261001,,0,,770850,7,2261002,,0,,770851,7,2261003,,0,,,,,,,,,,,,,,,,,,,,,,,,,,,,,,,,,,,,,,,,,,,,,,,,,,,,,,,,
300 Latrobe Street Melbourne ,348421,300 Latrobe Street - Wilson Car Park,-37.810021,144.960653,827869,,12,2344328,,0,,827870,,12,2344329,,0,,827871,,12,2344330,,0,,,,,,,,,,,,,,,,,,,,,,,,,,,,,,,,,,,,,,,,,,,,,,,,,,,,,,,,,,,,,,,,,,,,,,,,,,,,,,,,,,,,,,,,,,,,,,,,,,,,,,,,,,,,,,,,,,,,,,,,,,,,,,,,,,,,,,,,,,,,,,,,,,,,,,,,,,,,,,,,,,,,,,,,,,,,,,,,,,,,,,,,,,,,,,,,,,,,,
"1 Champ St, Coburg VIC 3058, Australia",308696,Pentridge Shopping Centre,-37.736669,144.969336,717396,,7,2153805,,0,,717397,,7,2153806,,0,,717398,,7,2153807,,0,,,,,,,,,,,,,,,,,,,,,,,,,,,,,,,,,,,,,,,,,,,,,,,,,,,,,,,,,,,,,,,,,,,,,,,,,,,,,,,,,,,,,,,,,,,,,,,,,,,,,,,,,,,,,,,,,,,,,,,,,,,,,,,,,,,,,,,,,,,,,,,,,,,,,,,,,,,,,,,,,,,,,,,,,,,,,,,,,,,,,,,,,,,,,,,,,,,,,
"46 Cook St, Port Melbourne VIC 3207, Australia",154181,Coles Express with co-located Hungry Jacks,-37.829682,144.917185,296397,,12,568134,,0,,,,,,,,,,,,,,,,,,,,,,,,,,,,,,,,,,,,,,,,,,,,,,,,,,,,,,,,,,,,,,,,,,,,,,,,,,,,,,,,,,,,,,,,,,,,,,,,,,,,,,,,,,,,,,,,,,,,,,,,,,,,,,,,,,,,,,,,,,,,,,,,,,,,,,,,,,,,,,,,,,,,,,,,,,,,,,,,,,,,,,,,,,,,,,,,,,,,,,,,,,,,,,,,,,,
"1239 Nepean Hwy, Cheltenham VIC 3192, Australia",112671,Westfield Southland,-37.958461,145.053615,192472,1,2,421930,,0,,192471,1,2,421928,,0,,,,,,,,,,,,,,,,,,,,,,,,,,,,,,,,2,421931,,0,,2,421929,,0,,,,,,,,,,,,,,,,,,,,,,,,,,,,,,,,,,,,,,,,,,,,,,,,,,,,,,,,,,,,,,,,,,,,,,,,,,,,,,,,,,,,,,,,,,,,,,,,,,,,,,,,,,,,,,,,,,,,,,,,,,,,,,,,,,,,,,,,,,,,,,,,,,,,,,,,,,,,,,,,,,,,
"40 Chesterville Rd, Cheltenham VIC 3192, Australia",96526,Westfield Southland - Icon Car Wash,-37.959294,145.056598,157424,,12,1359622,,0,,,,,,,,,,,,,,,,,,,,,,,,,,,,,,,,,,,,,,,,,,,,,,,,,,,,,,,,,,,,,,,,,,,,,,,,,,,,,,,,,,,,,,,,,,,,,,,,,,,,,,,,,,,,,,,,,,,,,,,,,,,,,,,,,,,,,,,,,,,,,,,,,,,,,,,,,,,,,,,,,,,,,,,,,,,,,,,,,,,,,,,,,,,,,,,,,,,,,,,,,,,,,,,,,,,
"25 Downie St, Melbourne VIC 3000, Australia",338514,Hyatt Centric Melbourne,-37.820407,144.955802,798688,57,7,2297405,,0,,798689,57,7,2297406,,0,,,,,,,,,,,,,,,,,,,,,,,,,,,,,,,,,,,,,,,,,,,,,,,,,,,,,,,,,,,,,,,,,,,,,,,,,,,,,,,,,,,,,,,,,,,,,,,,,,,,,,,,,,,,,,,,,,,,,,,,,,,,,,,,,,,,,,,,,,,,,,,,,,,,,,,,,,,,,,,,,,,,,,,,,,,,,,,,,,,,,,,,,,,,,,,,,,,,,,,,,,,,
"1341 Dandenong Rd, Chadstone VIC 3148",453416,Chadstone Shopping Centre Carpark A,-37.886337,145.07958,1094782,,7,2756537,,0,,1094783,,7,2756538,,0,,1094784,,7,2756539,,0,,1094785,,7,2756540,,0,,1094786,,7,2756541,,0,,,,,,,,,,,,,,,,,,,,,,,,,,,,,,,,,,,,,,,,,,,,,,,,,,,,,,,,,,,,,,,,,,,,,,,,,,,,,,,,,,,,,,,,,,,,,,,,,,,,,,,,,,,,,,,,,,,,,,,,,,,,,,,,,,,,,,,,,,,,,,,,,,,,,,,,,,,,,,,,,,,,,,,,,,,,,,,,,,,,,,,
"Essendon Fields VIC 3042, Australia",92409,Jet City Hangar 131,-37.719978,144.892935,147550,35,6,355918,22,0,,,,,,,,,,,,,,,,,,,,,,,,,,,,,,,,,,,,,,,,,,,,,,,,,,,,,,,,,,,,,,,,,,,,,,,,,,,,,,,,,,,,,,,,,,,,,,,,,,,,,,,,,,,,,,,,,,,,,,,,,,,,,,,,,,,,,,,,,,,,,,,,,,,,,,,,,,,,,,,,,,,,,,,,,,,,,,,,,,,,,,,,,,,,,,,,,,,,,,,,,,,,,,,,,,,
"288 Wirraway Rd, Essendon Fields, VIC, 3041",19808,Essendon Nissan,-37.720262,144.895849,49857,1,2,87880,,0,,,,,,,,,,,,,,,,,,,,,,,,,,,,,,,,,,,,,,,,,,,,,,,,,,,,,,,,,,,,,,,,,,,,,,,,,,,,,,,,,,,,,,,,,,,,,,,,,,,,,,,,,,,,,,,,,,,,,,,,,,,,,,,,,,,,,,,,,,,,,,,,,,,,,,,,,,,,,,,,,,,,,,,,,,,,,,,,,,,,,,,,,,,,,,,,,,,,,,,,,,,,,,,,,,,
"99 Tanti Ave, Mornington, VIC, Australia, 3931",296472,Brooklands of Mornington,-38.221655,145.045807,654026,35,6,2066998,22,0,,654027,35,6,2066999,22,0,,,,,,,,,,,,,,,,,,,,,,,,,,,,,,,,,,,,,,,,,,,,,,,,,,,,,,,,,,,,,,,,,,,,,,,,,,,,,,,,,,,,,,,,,,,,,,,,,,,,,,,,,,,,,,,,,,,,,,,,,,,,,,,,,,,,,,,,,,,,,,,,,,,,,,,,,,,,,,,,,,,,,,,,,,,,,,,,,,,,,,,,,,,,,,,,,,,,,,,,,,,,
"23-31 Cook Street, Flinders, Victoria, Australia, VIC 3929",86983,Flinders Hotel,-38.474449,145.019202,133181,35,6,331660,8,0,,133182,35,6,331661,8,0,,,,,,,,,,,,,,,,,,,,,,,,,,,,,,,,,,,,,,,,,,,,,,,,,,,,,,,,,,,,,,,,,,,,,,,,,,,,,,,,,,,,,,,,,,,,,,,,,,,,,,,,,,,,,,,,,,,,,,,,,,,,,,,,,,,,,,,,,,,,,,,,,,,,,,,,,,,,,,,,,,,,,,,,,,,,,,,,,,,,,,,,,,,,,,,,,,,,,,,,,,,,
"48 Cook Street, Flinders VIC 3929, Australia",201165,Flinders General Store rear car park,-38.473287,145.016892,427091,,7,747322,,0,,,,,,,,,,,,,,,,,,,,,,,,,,,,,,,,,,,,,,,,,,,,,,,,,,,,,,,,,,,,,,,,,,,,,,,,,,,,,,,,,,,,,,,,,,,,,,,,,,,,,,,,,,,,,,,,,,,,,,,,,,,,,,,,,,,,,,,,,,,,,,,,,,,,,,,,,,,,,,,,,,,,,,,,,,,,,,,,,,,,,,,,,,,,,,,,,,,,,,,,,,,,,,,,,,,
"460 Lonsdale St, Melbourne VIC 3000, Australia",372481,Secure Parking - 460 Lonsdale Street Car Park,-37.813049,144.958347,895593,,12,2435870,,0,,,,,,,,,,,,,,,,,,,,,,,,,,,,,,,,,,,,,,,,,,,,,,,,,,,,,,,,,,,,,,,,,,,,,,,,,,,,,,,,,,,,,,,,,,,,,,,,,,,,,,,,,,,,,,,,,,,,,,,,,,,,,,,,,,,,,,,,,,,,,,,,,,,,,,,,,,,,,,,,,,,,,,,,,,,,,,,,,,,,,,,,,,,,,,,,,,,,,,,,,,,,,,,,,,,
"1 David St, Brunswick, Victoria, Australia, 3056",43232,David Street Car Park,-37.771404,144.962021,536677,48,7,1457404,,0,,536678,48,7,1457405,,0,,,,,,,,,,,,,,,,,,,,,,,,,,,,,,,,,,,,,,,,,,,,,,,,,,,,,,,,,,,,,,,,,,,,,,,,,,,,,,,,,,,,,,,,,,,,,,,,,,,,,,,,,,,,,,,,,,,,,,,,,,,,,,,,,,,,,,,,,,,,,,,,,,,,,,,,,,,,,,,,,,,,,,,,,,,,,,,,,,,,,,,,,,,,,,,,,,,,,,,,,,,,
"1A Main Street, Point Cook VIC 3030, Australia",134531,Stockland Point Cook - Below Woolworths,-37.884233,144.734115,247321,1,2,507264,,0,,239009,35,6,495597,22,0,,,,,,,,,,,,,,,,,,,,,,,,,,,,,,,,,,,,,,,,,,,,,,,,,,,,,,,,,,,,,,,,,,,,,,,,,,,,,,,,,,,,,,,,,,,,,,,,,,,,,,,,,,,,,,,,,,,,,,,,,,,,,,,,,,,,,,,,,,,,,,,,,,,,,,,,,,,,,,,,,,,,,,,,,,,,,,,,,,,,,,,,,,,,,,,,,,,,,,,,,,,,
"214 Wellington Rd, Clayton VIC 3168, Australia",265188,Middy's Smart Centre (Behind Mulgrave Branch),-37.918327,145.148532,582219,,7,1605842,,0,,,,,,,,,,,,,,,,,,,,,,,,,,,,,,,,,,,,,,,,,,,,,,,,,,,,,,,,,,,,,,,,,,,,,,,,,,,,,,,,,,,,,,,,,,,,,,,,,,,,,,,,,,,,,,,,,,,,,,,,,,,,,,,,,,,,,,,,,,,,,,,,,,,,,,,,,,,,,,,,,,,,,,,,,,,,,,,,,,,,,,,,,,,,,,,,,,,,,,,,,,,,,,,,,,,
"1341 Dandenong Rd, Malvern East VIC 3145, Australia",310073,The Fashion Capital - Tesla,-37.884862,145.082357,800669,,6,2299928,,0,,800670,,6,2299929,,0,,,,,,,,,,,,,,,,,,,,,,,,,,,,,,,,,,,,,,,,,,,,,,,,,,,,,,,,,,,,,,,,,,,,,,,,,,,,,,,,,,,,,,,,,,,,,,,,,,,,,,,,,,,,,,,,,,,,,,,,,,,,,,,,,,,,,,,,,,,,,,,,,,,,,,,,,,,,,,,,,,,,,,,,,,,,,,,,,,,,,,,,,,,,,,,,,,,,,,,,,,,,
"185a Rosslyn St, West Melbourne VIC 3003, Australia",431648,Cellarbrations,-37.809802,144.948932,1049808,,7,2682764,,0,,1049813,,7,2682769,,0,,1049814,,7,2682770,,0,,1049815,,7,2682771,,0,,,,,,,,,,,,,,,,,,,,,,,,,,,,,,,,,,,,,,,,,,,,,,,,,,,,,,,,,,,,,,,,,,,,,,,,,,,,,,,,,,,,,,,,,,,,,,,,,,,,,,,,,,,,,,,,,,,,,,,,,,,,,,,,,,,,,,,,,,,,,,,,,,,,,,,,,,,,,,,,,,,,,,,,,,,,,,,,,,,,,,,,,,,,,,
"8-9 Star Circus, Docklands VIC 3008, Australia",109598,District Docklands Shopping - West Carpark,-37.812855,144.93695,184731,35,6,410626,22,0,,,,,,,,,,,,,,,,,,,,,,,,,,,,,,,,,,,,,,,,,,,,,,,,,,,,,,,,,,,,,,,,,,,,,,,,,,,,,,,,,,,,,,,,,,,,,,,,,,,,,,,,,,,,,,,,,,,,,,,,,,,,,,,,,,,,,,,,,,,,,,,,,,,,,,,,,,,,,,,,,,,,,,,,,,,,,,,,,,,,,,,,,,,,,,,,,,,,,,,,,,,,,,,,,,,
"222 Russell St, Melbourne VIC 3000, Australia",231757,Wilson Parking,-37.811294,144.967823,505304,,7,1253842,11,0,,505305,,7,1253843,11,0,,,,,,,,,,,,,,,,,,,,,,,,,,,,,,,,,,,,,,,,,,,,,,,,,,,,,,,,,,,,,,,,,,,,,,,,,,,,,,,,,,,,,,,,,,,,,,,,,,,,,,,,,,,,,,,,,,,,,,,,,,,,,,,,,,,,,,,,,,,,,,,,,,,,,,,,,,,,,,,,,,,,,,,,,,,,,,,,,,,,,,,,,,,,,,,,,,,,,,,,,,,,
"1324-1332 Western Hwy, Caroline Springs VIC 3023, Australia",426688,BP Caroline Springs (Coming Soon),-37.75577,144.741077,1033560,,13,2658328,,0,,,,,,,,,,,,,,,,,,,,,,,,,,,,,,,,,,,,,,,,,,,,,,,,,,,,,,,,,,,,,,,,,,,,,,,,,,,,,,,,,,,,,,,,,,,,,,,,,,,,,,,,,,,,,,,,,,,,,,,,,,,,,,,,,,,,,,,,,,,,,,,,,,,,,,,,,,,,,,,,,,,,,,,,,,,,,,,,,,,,,,,,,,,,,,,,,,,,,,,,,,,,,,,,,,,
"636 Bourke St, Melbourne VIC 3000, Australia",37250,Alto Hotel,-37.816254,144.954636,258597,,14,523394,,0,,49844,,2,455347,,0,,348234,,12,634680,,0,,348235,,12,634681,,0,,170249,35,6,391385,22,0,,170250,35,6,391386,22,0,,,,,,,,,,,,,,,,,,,,,,,,,,,,,170251,35,6,391387,22,0,,,,,,,,,,,,,,,,,,,,,,,,,,,,,,,,,,,,,,,,,,,,,,,,,,,,,,,,,,,,,,,,,,,,,,,,,,,,,,,,,,,,,,,,,,,,,,,,,,,,,,,,,,,,,,,,,,,,,,,,,,,,,,,,,,,,,,,,,,,,,,
"514 Moorabool St, South Geelong VIC 3220, Australia",216712,Bob Morell Reserve,-38.163586,144.352507,471040,,12,1044168,,0,,471041,,12,1044169,,0,,471042,,12,1044170,,0,,471043,,12,1044171,,0,,,,,,,,,,,,,,,,,,,,,,,,,,,,,,,,,,,,,,,,,,,,,,,,,,,,,,,,,,,,,,,,,,,,,,,,,,,,,,,,,,,,,,,,,,,,,,,,,,,,,,,,,,,,,,,,,,,,,,,,,,,,,,,,,,,,,,,,,,,,,,,,,,,,,,,,,,,,,,,,,,,,,,,,,,,,,,,,,,,,,,,,,,,,,,
"481 Latrobe Terrace Geelong VIC 3220, Australia",37259,Rex Gorell Nissan,-38.16275,144.350693,471049,48,7,1044296,,0,,,,,,,,,,,,,,,,,,,,,,,,,,,,,,,,,,,,,,,,,,,,,,,,,,,,,,,,,,,,,,,,,,,,,,,,,,,,,,,,,,,,,,,,,,,,,,,,,,,,,,,,,,,,,,,,,,,,,,,,,,,,,,,,,,,,,,,,,,,,,,,,,,,,,,,,,,,,,,,,,,,,,,,,,,,,,,,,,,,,,,,,,,,,,,,,,,,,,,,,,,,,,,,,,,,
"Level 6/93-95 Queen St, Melbourne VIC 3000, Australia",406167,Queens & Collins,-37.81594,144.961493,979210,,7,2572284,,0,,979211,,7,2572285,,0,,979212,,7,2572286,,0,,1094753,,7,2756465,,0,,,,,,,,,,,,,,,,,,,,,,,,,,,,,,,,,,,,,,,,,,,,,,,,,,,,,,,,,,,,,,,,,,,,,,,,,,,,,,,,,,,,,,,,,,,,,,,,,,,,,,,,,,,,,,,,,,,,,,,,,,,,,,,,,,,,,,,,,,,,,,,,,,,,,,,,,,,,,,,,,,,,,,,,,,,,,,,,,,,,,,,,,,,,,,
"542 Little Bourke St, Melbourne VIC 3000, Australia",309712,Wilson Parking,-37.814781,144.956451,720133,,12,2160093,,0,,,,,,,,,,,,,,,,,,,,,,,,,,,,,,,,,,,,,,,,,,,,,,,,,,,,,,,,,,,,,,,,,,,,,,,,,,,,,,,,,,,,,,,,,,,,,,,,,,,,,,,,,,,,,,,,,,,,,,,,,,,,,,,,,,,,,,,,,,,,,,,,,,,,,,,,,,,,,,,,,,,,,,,,,,,,,,,,,,,,,,,,,,,,,,,,,,,,,,,,,,,,,,,,,,,
"19 Whittlesea-Kinglake Rd, Kinglake VIC 3763, Australia",355106,Kinglake Library (rear of the Police Station),-37.531509,145.339577,846126,57,7,2368785,22,0,,846125,57,7,2368784,22,0,,,,,,,,,,,,,,,,,,,,,,,,,,,,,,,,,,,,,,,,,,,,,,,,,,,,,,,,,,,,,,,,,,,,,,,,,,,,,,,,,,,,,,,,,,,,,,,,,,,,,,,,,,,,,,,,,,,,,,,,,,,,,,,,,,,,,,,,,,,,,,,,,,,,,,,,,,,,,,,,,,,,,,,,,,,,,,,,,,,,,,,,,,,,,,,,,,,,,,,,,,,,
"1 Kinglake-Glenburn Rd, Kinglake VIC 3763, Australia",355268,Kinglake Reserve (beside public toilets),-37.53009,145.340696,846534,57,7,2369314,22,0,,,,,,,,,,,,,,,,,,,,,,,,,,,,,,,,,,,,,,,7,2369315,22,0,,,,,,,,,,,,,,,,,,,,,,,,,,,,,,,,,,,,,,,,,,,,,,,,,,,,,,,,,,,,,,,,,,,,,,,,,,,,,,,,,,,,,,,,,,,,,,,,,,,,,,,,,,,,,,,,,,,,,,,,,,,,,,,,,,,,,,,,,,,,,,,,,,,,,,,,,,,,,,,,,,,,,,,,,
"123 Collins St, Melbourne VIC 3000, Australia",93836,Grand Hyatt Melbourne,-37.814844,144.969685,150269,35,6,359955,22,0,,,,,,,,,,,,,,,,,,,,,,,,,,,,,,,,,,,,,,,,,,,,,,,,,,,,,,,,,,,,,,,,,,,,,,,,,,,,,,,,,,,,,,,,,,,,,,,,,,,,,,,,,,,,,,,,,,,,,,,,,,,,,,,,,,,,,,,,,,,,,,,,,,,,,,,,,,,,,,,,,,,,,,,,,,,,,,,,,,,,,,,,,,,,,,,,,,,,,,,,,,,,,,,,,,,
"36 Walnut St, Whittlesea VIC 3757, Australia",423087,Whittlesea Motel,-37.511926,145.119479,1019556,,7,2639756,,0,,,,,,,,,,,,,,,,,,,,,,,,,,,,,,,,,,,,,,,,,,,,,,,,,,,,,,,,,,,,,,,,,,,,,,,,,,,,,,,,,,,,,,,,,,,,,,,,,,,,,,,,,,,,,,,,,,,,,,,,,,,,,,,,,,,,,,,,,,,,,,,,,,,,,,,,,,,,,,,,,,,,,,,,,,,,,,,,,,,,,,,,,,,,,,,,,,,,,,,,,,,,,,,,,,,
"Russell St, Melbourne, Victoria, 3000 Australia",19806,Federation Square Car Park,-37.817739,144.971282,515311,48,7,1291078,,0,,515312,48,7,1291079,,0,,,,,,,,,,,,,,,,,,,,,,,,,,,,,,,,,,,,,,,,,,,,,,,,,,,,,,,,,,,,,,,,,,,,,,,,,,,,,,,,,,,,,,,,,,,,,,,,,,,,,,,,,,,,,,,,,,,,,,,,,,,,,,,,,,,,,,,,,,,,,,,,,,,,,,,,,,,,,,,,,,,,,,,,,,,,,,,,,,,,,,,,,,,,,,,,,,,,,,,,,,,,
"114-128 Flinders St, Melbourne VIC 3000, Australia",85619,ACDC Garage,-37.816185,144.97077,128115,57,7,2364131,,0,,128116,57,7,325024,,0,,195519,35,6,426737,3,0,,195520,35,6,426738,3,0,,195521,35,6,426739,3,0,,,,,,,,,,,,,,,,,,,,,,,,,,,,,,,,,,,,,,,,,,,,,,,,,,,,,,,,,,,,,,,,,,,,,,,,,,,,,,,,,,,,,,,,,,,,,,,,,,,,,,,,,,,,,,,,,,,,,,,,,,,,,,,,,,,,,,,,,,,,,,,,,,,,,,,,,,,,,,,,,,,,,,,,,,,,,,,,,,,,,,,
"129 Bourke St, Melbourne VIC 3000, Australia",71277,Secure Parking (Southern Cross),-37.812452,144.969535,427698,1,2,749063,,0,,,,,,,,,,,,,,,,,,,,,,,,,,,,,,,,,,,,,,,2,749064,,0,,,,,,,,,,,,,,,,,,,,,,,,,,,,,,,,,,,,,,,,,,,,,,,,,,,,,,,,,,,,,,,,,,,,,,,,,,,,,,,,,,,,,,,,,,,,,,,,,,,,,,,,,,,,,,,,,,,,,,,,,,,,,,,,,,,,,,,,,,,,,,,,,,,,,,,,,,,,,,,,,,,,,,,,,
"589-599 Little Collins St, Melbourne VIC 3000, Australia",366157,Holiday Inn Express Melbourne Little Collins,-37.817852,144.955291,875857,,7,2409829,,0,,875858,,7,2409830,,0,,875859,,7,2409831,,0,,,,,,,,,,,,,,,,,,,,,,,,,,,,,,,,,,,,,,,,,,,,,,,,,,,,,,,,,,,,,,,,,,,,,,,,,,,,,,,,,,,,,,,,,,,,,,,,,,,,,,,,,,,,,,,,,,,,,,,,,,,,,,,,,,,,,,,,,,,,,,,,,,,,,,,,,,,,,,,,,,,,,,,,,,,,,,,,,,,,,,,,,,,,,,,,,,,,,
"766 Toorak Rd, Glen Iris VIC 3146",129933,Tooronga Village,-37.845907,145.046669,252317,35,6,515859,22,0,,252318,35,6,515861,22,0,,,,,,,,,,,,,,,,,,,,,,,,,,,,,,,,,,,,,,,,,,,,,,,,,,,,,,,,,,,,,,,,,,,,,,,,,,,,,,,,,,,,,,,,,,,,,,,,,,,,,,,,,,,,,,,,,,,,,,,,,,,,,,,,,,,,,,,,,,,,,,,,,,,,,,,,,,,,,,,,,,,,,,,,,,,,,,,,,,,,,,,,,,,,,,,,,,,,,,,,,,,,
"Unit 41 B/620 Victoria St, Richmond VIC 3121, Australia",425058,Victoria Gardens Shopping Centre,-37.812603,145.011729,1028373,,7,2650688,,0,,1028374,1379,7,2650689,,0,,,,,,,,,,,,,,,,,,,,,,,,,,,,,,,,,,,,,,,,,,,,,,,,,,,,,,,,,,,,,,,,,,,,,,,,,,,,,,,,,,,,,,,,,,,,,,,,,,,,,,,,,,,,,,,,,,,,,,,,,,,,,,,,,,,,,,,,,,,,,,,,,,,,,,,,,,,,,,,,,,,,,,,,,,,,,,,,,,,,,,,,,,,,,,,,,,,,,,,,,,,,
"70 City Rd, Southbank VIC 3006, Australia",231321,Wilson Parking Eureka,-37.821726,144.965184,504143,,7,1246423,11,0,,504144,,7,1246424,11,0,,,,,,,,,,,,,,,,,,,,,,,,,,,,,,,,,,,,,,,,,,,,,,,,,,,,,,,,,,,,,,,,,,,,,,,,,,,,,,,,,,,,,,,,,,,,,,,,,,,,,,,,,,,,,,,,,,,,,,,,,,,,,,,,,,,,,,,,,,,,,,,,,,,,,,,,,,,,,,,,,,,,,,,,,,,,,,,,,,,,,,,,,,,,,,,,,,,,,,,,,,,,
"Essendon Fields Airport, Wirraway Road, Essendon Fields VIC 3041, Australia",207878,Hungry Fox Café,-37.719767,144.89451,444327,,7,843072,,0,,,,,,,,,,,,,,,,,,,,,,,,,,,,,,,,,,,,,,,,,,,,,,,,,,,,,,,,,,,,,,,,,,,,,,,,,,,,,,,,,,,,,,,,,,,,,,,,,,,,,,,,,,,,,,,,,,,,,,,,,,,,,,,,,,,,,,,,,,,,,,,,,,,,,,,,,,,,,,,,,,,,,,,,,,,,,,,,,,,,,,,,,,,,,,,,,,,,,,,,,,,,,,,,,,,
"180 Lonsdale Street, Melbourne VIC 3000, Australia",366205,QV Melbourne - Car Park,-37.810679,144.966601,875966,,12,2409974,,0,,875999,,12,2410011,,0,,876000,,12,2410012,,0,,,,,,,,,,,,,,,,,,,,,,,,,,,,,,,,,,,,,,,,,,,,,,,,,,,,,,,,,,,,,,,,,,,,,,,,,,,,,,,,,,,,,,,,,,,,,,,,,,,,,,,,,,,,,,,,,,,,,,,,,,,,,,,,,,,,,,,,,,,,,,,,,,,,,,,,,,,,,,,,,,,,,,,,,,,,,,,,,,,,,,,,,,,,,,,,,,,,,
"1341 Dandenong Road, Malvern East VIC 3145, Australia",59087,The Fashion Capital - Parking Block F,-37.887286,145.0824,101963,35,6,251266,10,0,,822221,35,6,2327794,10,0,,822222,35,6,2327795,10,0,,101964,35,6,251267,10,0,,,,,,,,,,,,,,,,,,,,,,,,,,,,,,,,,,,,,,,,,,,,,,,,,,,,,,,,,,,,,,,,,,,,,,,,,,,,,,,,,,,,,,,,,,,,,,,,,,,,,,,,,,,,,,,,,,,,,,,,,,,,,,,,,,,,,,,,,,,,,,,,,,,,,,,,,,,,,,,,,,,,,,,,,,,,,,,,,,,,,,,,,,,,,,
"35-47 City Rd, Southbank VIC 3006, Australia",353965,Holiday Inn Express Melbourne Southbank,-37.821895,144.966652,843286,,7,2364878,,0,,843316,,7,2364924,,0,,843313,,7,2364921,,0,,843314,,7,2364922,,0,,843315,,7,2364923,,0,,843317,,7,2364925,,0,,,,,,,,,,,,,,,,,,,,,,,,,,,,,843318,,7,2364926,,0,,,,,,,,,,,,,,,,,,,,,,,,,,,,,,,,,,,,,,,,,,,,,,,,,,,,843284,,7,2364876,,0,,,,,,,843285,7,2364877,,0,,,,,,,,,,,,,,,,,,,,,,,,,,,,,,,,,,,,,,,,,,,,,,,,,,,,,,,,,,,,,,,,,,,,,,,,,,
"450 Flinders Ln, Melbourne VIC 3000, Australia",309825,Secure Parking (450 Flinders Lane),-37.818758,144.958866,727405,,7,2184552,,0,,727402,,7,2184549,,0,,727403,,7,2184550,,0,,727404,,7,2184551,,0,,720416,,7,2160771,,0,,720417,,7,2160772,,0,,,,,,,,,,,,,,,,,,,,,,,,,,,,,720418,,7,2160773,,0,,,,,,,,,,,,,,,,,,,,,,,,,,,,,,,,,,,,,,,,,,,,,,,,,,,,720419,,7,2160774,,0,,,,,,,720420,7,2160775,,0,,720421,7,2160776,,0,,,,,,,,,,,,,,,,,,,,,,,,,,,,,,,,,,,,,,,,,,,,,,,,,,,,,,,,,,,,,,,,,,,,
"476 Flinders Ln, Melbourne VIC 3000, Australia",372442,Rialto Car Park,-37.8191,144.957613,895490,,7,2435694,,0,,895491,,12,2435695,,0,,895496,,7,2435703,,0,,,,,,,,,,,,,,,,,,,,,,,,,,,,,,,,,,,,,,,,,,,,,,,,,,,,,,,,,,,,,,,,,,,,,,,,,,,,,,,,,,,,,,,,,,,,,,,,,,,,,,,,,,,,,,,,,,,,,,,,,,,,,,,,,,,,,,,,,,,,,,,,,,,,,,,,,,,,,,,,,,,,,,,,,,,,,,,,,,,,,,,,,,,,,,,,,,,,,
"327 Plummer St, Port Melbourne VIC 3207, Australia",219922,Lorbek Luxury Cars,-37.833209,144.919764,479597,62,7,1119900,22,0,,479596,62,7,1119899,22,0,,479598,62,7,1119901,22,0,,,,,,,,,,,,,,,,,,,,,,,,,,,,,,,,,,,,,,,,,,,,,,,,,,,,,,,,,,,,,,,,,,,,,,,,,,,,,,,,,,,,,,,,,,,,,,,,,,,,,,,,,,,,,,,,,,,,,,,,,,,,,,,,,,,,,,,,,,,,,,,,,,,,,,,,,,,,,,,,,,,,,,,,,,,,,,,,,,,,,,,,,,,,,,,,,,,,,
"30 Prohasky St, Port Melbourne VIC 3207, Australia",306702,Lorbek Luxury Cars,-37.832093,144.919335,717707,,7,2154512,,0,,717710,,7,2154515,,0,,717712,,7,2154517,,0,,717711,,7,2154516,,0,,711985,,7,2153122,,0,,717708,,7,2154513,,0,,,,,,,,,,,,,,,,,,,,,,,,,,,,,717709,,7,2154514,,0,,,,,,,,,,,,,,,,,,,,,,,,,,,,,,,,,,,,,,,,,,,,,,,,,,,,,,,,,,,,,,,,,,,,,,,,,,,,,,,,,,,,,,,,,,,,,,,,,,,,,,,,,,,,,,,,,,,,,,,,,,,,,,,,,,,,,,,,,,,,,,
